-93,-78,-84,-80,-83,-75,-78,-79,-83,-84,-85,-99,-89,-87,-87,-80,-83,-90,-73,-94,-88,-69,-88,-74,-71,-85,-76,-85,-83,-84,-84,-73,-85,-72,-81,-73,-60,-79,-86,1
-84,-72,-82,-80,-87,-75,-76,-85,-83,-82,-81,-91,-89,-86,-90,-69,-82,-88,-83,-91,-83,-70,-90,-75,-71,-83,-73,-82,-81,-82,-88,-73,-83,-72,-81,-71,-60,-80,-89,1
-86,-76,-84,-77,-81,-84,-73,-82,-83,-85,-84,-91,-88,-86,-90,-69,-85,-92,-80,-96,-85,-50,-90,-73,-82,-86,-74,-85,-83,-84,-84,-71,-83,-70,-88,-71,-61,-89,-88,1
-84,-69,-83,-88,-86,-76,-76,-78,-82,-82,-86,-90,-89,-88,-88,-70,-86,-89,-72,-99,-81,-61,-92,-68,-70,-82,-71,-82,-82,-86,-82,-71,-82,-71,-83,-71,-65,-78,-92,1
-86,-77,-85,-88,-85,-75,-79,-81,-85,-84,-85,-89,-90,-84,-90,-74,-83,-93,-82,-88,-82,-54,-87,-74,-80,-86,-78,-86,-84,-84,-84,-71,-85,-72,-88,-72,-67,-80,-92,1
-83,-69,-83,-69,-90,-85,-73,-82,-86,-83,-87,-90,-88,-91,-89,-78,-83,-88,-75,-92,-90,-72,-88,-72,-70,-84,-71,-83,-86,-87,-83,-72,-84,-71,-82,-57,-62,-80,-91,1
-83,-68,-86,-75,-83,-78,-70,-80,-83,-83,-83,-93,-87,-93,-92,-78,-86,-91,-79,-89,-88,-72,-86,-68,-80,-84,-76,-83,-83,-82,-83,-72,-84,-66,-82,-72,-59,-77,-87,1
-83,-68,-86,-75,-83,-78,-70,-80,-83,-83,-83,-93,-87,-93,-92,-78,-86,-91,-79,-89,-88,-72,-86,-68,-80,-84,-76,-83,-83,-82,-83,-72,-84,-66,-82,-72,-59,-77,-87,1
-93,-71,-85,-68,-87,-84,-72,-81,-82,-85,-88,-90,-87,-94,-90,-76,-85,-93,-83,-89,-92,-72,-92,-69,-70,-84,-74,-84,-84,-85,-84,-78,-82,-73,-81,-53,-61,-77,-89,1
-83,-76,-87,-71,-83,-77,-74,-76,-82,-87,-84,-97,-88,-94,-89,-79,-87,-93,-75,-89,-93,-63,-90,-72,-68,-89,-68,-86,-83,-83,-87,-71,-87,-72,-84,-53,-63,-79,-89,1
-93,-68,-85,-66,-94,-80,-71,-74,-83,-87,-90,-99,-92,-91,-96,-77,-85,-85,-72,-91,-90,-64,-93,-72,-73,-85,-71,-80,-85,-86,-81,-78,-85,-79,-88,-68,-68,-84,-89,2
-97,-80,-83,-65,-92,-82,-71,-70,-86,-84,-91,-94,-85,-92,-91,-76,-84,-88,-71,-92,-91,-67,-91,-84,-79,-84,-75,-84,-86,-82,-83,-79,-84,-73,-90,-66,-70,-83,-88,2
-89,-73,-84,-66,-88,-82,-72,-73,-85,-85,-89,-97,-85,-93,-86,-77,-85,-87,-71,-91,-90,-68,-90,-74,-81,-85,-78,-84,-86,-87,-83,-79,-87,-68,-87,-84,-73,-84,-87,2
-93,-75,-87,-73,-85,-76,-69,-84,-87,-87,-88,-90,-90,-93,-87,-74,-88,-87,-68,-92,-93,-58,-93,-81,-75,-87,-79,-86,-86,-91,-86,-80,-87,-66,-87,-70,-71,-88,-90,2
-85,-68,-83,-70,-90,-82,-63,-72,-82,-83,-90,-94,-83,-92,-86,-77,-85,-88,-75,-98,-89,-59,-89,-78,-82,-84,-73,-82,-81,-82,-83,-81,-83,-77,-87,-67,-69,-84,-87,2
-88,-70,-80,-73,-91,-78,-68,-78,-81,-79,-89,-91,-90,-89,-91,-79,-88,-84,-76,-95,-91,-71,-88,-74,-82,-81,-79,-80,-86,-86,-80,-74,-91,-71,-88,-78,-58,-81,-91,2
-99,-68,-86,-73,-89,-79,-74,-71,-87,-83,-88,-95,-83,-90,-82,-82,-83,-87,-68,-92,-87,-52,-90,-86,-82,-82,-79,-82,-83,-83,-84,-78,-83,-71,-87,-69,-67,-82,-87,2
-96,-69,-84,-71,-91,-80,-64,-75,-83,-82,-87,-93,-83,-91,-95,-74,-81,-95,-76,-97,-86,-70,-93,-83,-73,-81,-83,-81,-81,-85,-83,-79,-83,-70,-90,-69,-68,-93,-89,2
-95,-78,-84,-65,-92,-83,-70,-71,-85,-84,-87,-99,-84,-90,-82,-73,-84,-87,-70,-90,-93,-59,-89,-67,-73,-82,-77,-84,-85,-81,-85,-83,-83,-71,-89,-69,-61,-81,-87,2
-92,-73,-80,-80,-92,-79,-62,-84,-82,-81,-89,-99,-85,-88,-81,-74,-85,-95,-80,-88,-89,-68,-86,-75,-74,-85,-76,-86,-86,-88,-86,-75,-86,-71,-88,-71,-66,-90,-88,2
-87,-66,-83,-71,-89,-81,-66,-80,-84,-82,-91,-87,-88,-90,-83,-70,-81,-82,-84,-91,-87,-53,-90,-73,-80,-82,-67,-78,-85,-78,-79,-81,-80,-63,-83,-72,-70,-82,-93,3
-88,-72,-80,-70,-87,-86,-67,-73,-83,-81,-88,-89,-83,-89,-84,-77,-80,-77,-72,-91,-90,-58,-88,-67,-79,-80,-81,-79,-80,-80,-77,-76,-81,-74,-81,-79,-73,-88,-88,3
-87,-85,-80,-75,-88,-84,-71,-77,-84,-79,-87,-87,-87,-85,-95,-77,-78,-79,-82,-92,-88,-49,-99,-74,-79,-79,-71,-84,-85,-78,-84,-76,-77,-63,-82,-82,-64,-80,-89,3
-84,-77,-80,-76,-86,-76,-66,-78,-79,-78,-89,-88,-86,-95,-91,-82,-78,-84,-75,-91,-91,-54,-93,-81,-77,-79,-73,-79,-77,-78,-79,-68,-79,-74,-86,-82,-65,-90,-89,3
-89,-71,-85,-76,-94,-84,-66,-81,-77,-77,-89,-100,-90,-87,-89,-72,-84,-94,-72,-96,-89,-46,-95,-79,-78,-77,-76,-84,-84,-76,-85,-82,-84,-69,-83,-79,-64,-93,-87,3
-86,-75,-80,-78,-85,-83,-66,-82,-78,-79,-89,-87,-86,-90,-80,-85,-78,-82,-85,-92,-91,-50,-91,-83,-76,-80,-68,-79,-90,-79,-79,-73,-80,-64,-81,-73,-69,-81,-88,3
-83,-77,-79,-68,-86,-75,-65,-79,-79,-79,-88,-87,-87,-94,-81,-71,-79,-82,-70,-94,-87,-56,-89,-68,-82,-78,-72,-80,-79,-79,-80,-73,-80,-62,-84,-86,-69,-82,-92,3
-88,-78,-82,-70,-89,-78,-69,-74,-82,-79,-85,-99,-95,-91,-81,-77,-83,-84,-76,-90,-92,-53,-96,-70,-76,-82,-78,-82,-82,-82,-81,-73,-88,-63,-93,-85,-69,-88,-90,3
-90,-79,-80,-70,-86,-84,-77,-78,-78,-79,-89,-99,-88,-86,-85,-69,-85,-96,-72,-93,-88,-51,-90,-79,-78,-86,-68,-80,-85,-86,-79,-78,-83,-78,-82,-69,-75,-81,-93,3
-90,-78,-77,-67,-88,-82,-68,-75,-88,-77,-89,-90,-90,-91,-84,-74,-87,-83,-83,-93,-90,-49,-91,-75,-75,-77,-69,-77,-77,-77,-77,-73,-78,-68,-82,-73,-78,-82,-86,3
-88,-73,-79,-64,-88,-81,-61,-64,-79,-78,-87,-93,-86,-93,-89,-81,-79,-88,-73,-95,-92,-41,-91,-72,-79,-79,-79,-80,-78,-79,-79,-80,-79,-66,-82,-77,-84,-85,-91,4
-94,-68,-80,-69,-96,-79,-63,-71,-79,-80,-94,-86,-92,-84,-85,-73,-81,-91,-69,-97,-90,-37,-90,-67,-76,-86,-71,-85,-81,-85,-81,-82,-80,-81,-89,-73,-76,-82,-88,4
-88,-73,-79,-64,-88,-81,-61,-64,-79,-78,-87,-93,-86,-93,-89,-81,-79,-88,-73,-95,-92,-41,-91,-72,-79,-79,-79,-80,-78,-79,-79,-80,-79,-66,-82,-77,-84,-85,-91,4
-92,-76,-79,-80,-89,-80,-68,-66,-79,-78,-87,-91,-84,-91,-89,-81,-78,-96,-82,-90,-87,-47,-99,-68,-75,-79,-72,-79,-79,-78,-78,-79,-79,-78,-85,-79,-81,-82,-85,4
-75,-79,-78,-65,-87,-84,-64,-67,-75,-74,-89,-91,-87,-91,-78,-78,-78,-85,-70,-90,-87,-45,-91,-69,-79,-82,-71,-78,-78,-78,-78,-76,-82,-63,-87,-73,-78,-84,-87,4
-92,-76,-79,-80,-89,-80,-68,-66,-79,-78,-87,-91,-84,-91,-89,-81,-78,-96,-82,-90,-87,-47,-99,-68,-75,-79,-72,-79,-79,-78,-78,-79,-79,-78,-85,-79,-81,-82,-85,4
-92,-76,-79,-80,-89,-80,-68,-66,-79,-78,-87,-91,-84,-91,-89,-81,-78,-96,-82,-90,-87,-47,-99,-68,-75,-79,-72,-79,-79,-78,-78,-79,-79,-78,-85,-79,-81,-82,-85,4
-86,-79,-82,-74,-88,-79,-62,-68,-81,-81,-92,-92,-89,-84,-91,-75,-83,-86,-74,-89,-99,-39,-90,-71,-77,-81,-81,-82,-82,-78,-81,-78,-80,-67,-85,-72,-85,-85,-92,4
-92,-76,-79,-80,-89,-80,-68,-66,-79,-78,-87,-91,-84,-91,-89,-81,-78,-96,-82,-90,-87,-47,-99,-68,-75,-79,-72,-79,-79,-78,-78,-79,-79,-78,-85,-79,-81,-82,-85,4
-87,-79,-84,-63,-88,-80,-61,-64,-80,-86,-92,-92,-83,-87,-92,-73,-82,-86,-79,-92,-90,-41,-89,-78,-85,-82,-82,-81,-86,-84,-80,-78,-84,-70,-84,-81,-75,-90,-88,4
-78,-76,-82,-67,-85,-70,-57,-69,-81,-81,-85,-92,-82,-87,-94,-73,-82,-84,-76,-89,-87,-52,-86,-59,-76,-83,-69,-81,-82,-84,-86,-84,-84,-68,-79,-74,-74,-91,-88,5
-75,-77,-81,-68,-85,-70,-66,-77,-81,-81,-86,-87,-87,-89,-80,-78,-80,-83,-79,-86,-94,-62,-81,-61,-75,-81,-74,-82,-88,-81,-79,-76,-81,-65,-84,-74,-81,-88,-86,5
-76,-76,-83,-69,-82,-69,-55,-71,-84,-82,-85,-89,-79,-86,-83,-72,-81,-93,-78,-86,-92,-50,-88,-59,-79,-82,-70,-82,-84,-83,-82,-78,-86,-77,-83,-74,-72,-85,-89,5
-80,-82,-85,-70,-88,-77,-58,-76,-82,-82,-88,-85,-85,-89,-95,-75,-80,-87,-79,-89,-85,-60,-79,-64,-75,-81,-74,-81,-81,-83,-80,-75,-83,-57,-87,-79,-79,-84,-88,5
-79,-84,-79,-76,-89,-83,-57,-62,-81,-82,-86,-85,-83,-86,-97,-75,-76,-83,-77,-90,-88,-51,-82,-58,-73,-80,-71,-77,-77,-76,-80,-76,-81,-77,-86,-83,-79,-88,-86,5
-75,-72,-82,-63,-88,-73,-55,-80,-83,-81,-92,-83,-87,-83,-86,-78,-80,-84,-75,-86,-81,-70,-86,-57,-75,-82,-72,-83,-82,-84,-81,-77,-83,-66,-85,-78,-82,-81,-87,5
-84,-69,-81,-75,-91,-71,-56,-64,-81,-81,-87,-86,-85,-89,-84,-79,-81,-84,-79,-92,-94,-52,-85,-61,-73,-80,-73,-83,-83,-81,-81,-76,-80,-65,-78,-82,-77,-87,-89,5
-90,-78,-81,-69,-85,-80,-57,-76,-80,-82,-84,-88,-81,-94,-81,-76,-81,-92,-70,-90,-91,-52,-83,-61,-75,-81,-69,-81,-81,-79,-81,-73,-81,-83,-84,-78,-71,-85,-85,5
-80,-82,-85,-70,-88,-77,-58,-76,-82,-82,-88,-85,-85,-89,-95,-75,-80,-87,-79,-89,-85,-60,-79,-64,-75,-81,-74,-81,-81,-83,-80,-75,-83,-57,-87,-79,-79,-84,-88,5
-75,-77,-81,-68,-85,-70,-66,-77,-81,-81,-86,-87,-87,-89,-80,-78,-80,-83,-79,-86,-94,-62,-81,-61,-75,-81,-74,-82,-88,-81,-79,-76,-81,-65,-84,-74,-81,-88,-86,5
-86,-56,-89,-78,-90,-80,-70,-79,-91,-91,-82,-92,-85,-87,-88,-66,-88,-86,-82,-89,-82,-78,-94,-77,-82,-92,-66,-90,-91,-91,-90,-74,-90,-67,-77,-69,-70,-85,-89,6
-82,-63,-89,-67,-86,-85,-69,-78,-91,-91,-83,-94,-86,-88,-95,-75,-89,-90,-79,-89,-80,-66,-97,-84,-79,-89,-72,-91,-89,-89,-89,-76,-90,-58,-79,-73,-61,-82,-82,6
-93,-62,-93,-68,-84,-71,-73,-74,-94,-93,-84,-86,-90,-92,-88,-64,-94,-90,-77,-85,-87,-69,-92,-75,-76,-92,-67,-93,-94,-94,-95,-69,-99,-56,-86,-58,-57,-83,-85,6
-86,-59,-88,-73,-89,-71,-81,-75,-89,-88,-83,-94,-85,-87,-87,-64,-88,-88,-82,-93,-81,-72,-95,-82,-81,-87,-83,-87,-89,-89,-88,-74,-88,-63,-85,-69,-57,-86,-84,6
-82,-63,-89,-67,-86,-85,-69,-78,-91,-91,-83,-94,-86,-88,-95,-75,-89,-90,-79,-89,-80,-66,-97,-84,-79,-89,-72,-91,-89,-89,-89,-76,-90,-58,-79,-73,-61,-82,-82,6
-85,-61,-89,-67,-86,-80,-81,-86,-89,-91,-85,-89,-84,-89,-90,-79,-91,-93,-79,-93,-85,-71,-91,-83,-76,-90,-81,-91,-90,-89,-90,-67,-93,-63,-81,-73,-59,-84,-84,6
-83,-65,-89,-68,-82,-77,-76,-74,-87,-88,-81,-87,-90,-92,-94,-67,-87,-85,-77,-86,-85,-75,-90,-72,-75,-90,-82,-87,-88,-89,-88,-78,-86,-57,-81,-66,-56,-84,-84,6
-82,-63,-89,-67,-86,-85,-69,-78,-91,-91,-83,-94,-86,-88,-95,-75,-89,-90,-79,-89,-80,-66,-97,-84,-79,-89,-72,-91,-89,-89,-89,-76,-90,-58,-79,-73,-61,-82,-82,6
-93,-60,-87,-80,-85,-75,-70,-77,-94,-89,-88,-94,-92,-86,-88,-61,-89,-91,-73,-93,-87,-69,-95,-70,-82,-93,-80,-89,-88,-87,-93,-81,-93,-61,-77,-71,-58,-82,-84,6
-84,-60,-89,-69,-83,-85,-77,-74,-92,-90,-83,-92,-84,-91,-92,-75,-90,-87,-69,-89,-81,-79,-94,-77,-75,-90,-65,-94,-92,-90,-93,-74,-90,-61,-81,-64,-57,-85,-87,6
-90,-55,-87,-65,-90,-82,-74,-79,-86,-86,-90,-97,-93,-90,-94,-84,-86,-93,-81,-91,-88,-63,-95,-79,-79,-87,-66,-85,-86,-86,-89,-77,-86,-64,-84,-73,-65,-86,-93,7
-89,-53,-90,-76,-93,-81,-68,-79,-86,-87,-91,-92,-95,-93,-86,-75,-90,-89,-65,-100,-92,-64,-93,-72,-79,-85,-66,-85,-86,-86,-84,-75,-90,-48,-93,-69,-74,-87,-92,7
-87,-55,-87,-75,-88,-81,-64,-81,-90,-86,-84,-99,-92,-91,-95,-80,-87,-89,-79,-99,-91,-58,-93,-76,-80,-86,-76,-87,-89,-86,-86,-74,-87,-66,-85,-74,-65,-85,-93,7
-92,-72,-86,-68,-99,-83,-86,-76,-87,-88,-87,-91,-94,-91,-90,-73,-85,-88,-79,-99,-90,-66,-97,-69,-80,-85,-71,-84,-85,-85,-85,-77,-87,-51,-87,-79,-81,-85,-92,7
-88,-56,-88,-66,-91,-81,-70,-77,-89,-88,-91,-99,-91,-95,-97,-83,-87,-94,-75,-90,-89,-61,-97,-77,-86,-88,-67,-87,-90,-87,-87,-75,-87,-47,-84,-82,-74,-87,-91,7
-87,-64,-88,-85,-94,-79,-65,-80,-88,-86,-89,-96,-92,-93,-95,-78,-90,-94,-80,-97,-89,-59,-93,-78,-85,-88,-84,-88,-87,-88,-89,-81,-89,-52,-95,-81,-64,-91,-89,7
-91,-71,-91,-66,-91,-82,-79,-83,-93,-90,-87,-97,-93,-98,-92,-78,-90,-90,-79,-90,-94,-62,-90,-74,-77,-90,-80,-87,-91,-86,-86,-73,-86,-44,-85,-79,-64,-86,-90,7
-87,-64,-88,-85,-94,-79,-65,-80,-88,-86,-89,-96,-92,-93,-95,-78,-90,-94,-80,-97,-89,-59,-93,-78,-85,-88,-84,-88,-87,-88,-89,-81,-89,-52,-95,-81,-64,-91,-89,7
-88,-60,-89,-63,-91,-73,-60,-78,-90,-88,-93,-94,-92,-92,-93,-79,-91,-88,-72,-92,-83,-57,-94,-84,-80,-90,-73,-89,-87,-90,-90,-80,-90,-51,-88,-83,-63,-90,-94,7
-92,-72,-86,-68,-99,-83,-86,-76,-87,-88,-87,-91,-94,-91,-90,-73,-85,-88,-79,-99,-90,-66,-97,-69,-80,-85,-71,-84,-85,-85,-85,-77,-87,-51,-87,-79,-81,-85,-92,7
-99,-70,-81,-78,-87,-84,-72,-91,-81,-82,-87,-92,-91,-98,-86,-79,-81,-84,-71,-95,-98,-71,-91,-68,-84,-81,-72,-81,-81,-81,-82,-76,-82,-49,-84,-77,-76,-91,-91,8
-87,-66,-87,-66,-93,-79,-80,-76,-88,-88,-94,-95,-90,-89,-88,-78,-84,-83,-78,-92,-89,-54,-91,-73,-78,-86,-85,-88,-94,-85,-86,-80,-86,-51,-86,-80,-73,-92,-88,8
-95,-63,-92,-76,-94,-82,-70,-78,-88,-87,-86,-91,-92,-93,-86,-76,-88,-83,-69,-90,-93,-60,-85,-81,-84,-86,-68,-87,-87,-87,-87,-81,-86,-57,-86,-77,-73,-86,-89,8
-89,-67,-91,-69,-88,-81,-66,-79,-88,-87,-89,-93,-88,-90,-97,-81,-89,-84,-81,-99,-91,-50,-93,-69,-78,-88,-80,-88,-85,-86,-85,-78,-84,-47,-87,-76,-75,-90,-91,8
-95,-81,-82,-74,-85,-83,-68,-71,-83,-83,-89,-91,-92,-88,-96,-82,-83,-86,-84,-97,-86,-61,-89,-78,-82,-84,-78,-82,-82,-82,-83,-81,-89,-55,-88,-80,-83,-83,-95,8
-87,-78,-87,-69,-89,-79,-66,-78,-89,-91,-90,-91,-90,-87,-89,-80,-87,-85,-78,-98,-89,-56,-91,-69,-75,-88,-82,-86,-93,-90,-87,-81,-89,-46,-86,-71,-77,-91,-91,8
-86,-75,-88,-69,-95,-83,-70,-76,-89,-86,-93,-95,-95,-95,-95,-78,-90,-85,-76,-97,-89,-57,-91,-66,-81,-87,-80,-85,-88,-90,-89,-85,-86,-57,-90,-84,-79,-89,-88,8
-94,-67,-90,-62,-91,-74,-82,-73,-89,-91,-92,-90,-91,-94,-85,-83,-89,-84,-69,-99,-86,-73,-91,-73,-76,-88,-77,-90,-90,-86,-87,-77,-82,-46,-84,-72,-73,-92,-87,8
-95,-63,-83,-73,-92,-78,-68,-79,-83,-83,-88,-91,-87,-89,-86,-80,-82,-93,-70,-93,-92,-64,-96,-71,-78,-82,-70,-83,-82,-82,-82,-79,-89,-55,-84,-79,-76,-86,-87,8
-87,-66,-87,-66,-93,-79,-80,-76,-88,-88,-94,-95,-90,-89,-88,-78,-84,-83,-78,-92,-89,-54,-91,-73,-78,-86,-85,-88,-94,-85,-86,-80,-86,-51,-86,-80,-73,-92,-88,8
-88,-82,-88,-73,-94,-85,-66,-72,-78,-78,-88,-96,-90,-88,-83,-86,-79,-85,-85,-90,-87,-63,-92,-68,-86,-84,-74,-88,-79,-78,-87,-82,-78,-55,-87,-88,-76,-82,-89,9
-85,-83,-80,-80,-90,-82,-62,-84,-79,-78,-92,-91,-91,-93,-86,-81,-79,-85,-75,-91,-88,-63,-92,-71,-83,-80,-69,-80,-79,-79,-79,-79,-81,-66,-81,-80,-82,-83,-92,9
-84,-83,-80,-76,-90,-80,-61,-78,-80,-79,-92,-101,-91,-92,-84,-76,-80,-89,-75,-97,-87,-61,-92,-67,-75,-80,-73,-80,-80,-80,-86,-81,-79,-60,-86,-81,-76,-89,-91,9
-91,-79,-82,-63,-88,-83,-65,-78,-83,-81,-87,-94,-91,-87,-91,-84,-83,-85,-71,-93,-88,-71,-94,-70,-78,-81,-76,-81,-82,-84,-85,-80,-81,-54,-85,-78,-76,-87,-90,9
-92,-71,-84,-69,-90,-81,-64,-83,-85,-84,-89,-94,-88,-92,-84,-81,-84,-91,-81,-94,-91,-71,-88,-66,-79,-84,-75,-85,-84,-84,-84,-81,-85,-53,-85,-76,-78,-88,-91,9
-87,-78,-79,-73,-88,-86,-71,-79,-85,-79,-90,-93,-88,-91,-81,-78,-82,-98,-80,-90,-89,-54,-88,-80,-82,-82,-84,-79,-85,-81,-78,-75,-80,-64,-86,-77,-81,-86,-90,9
-86,-73,-79,-75,-91,-91,-73,-66,-79,-80,-88,-92,-91,-94,-84,-85,-81,-86,-84,-91,-93,-65,-92,-79,-77,-80,-77,-81,-80,-81,-80,-76,-84,-64,-82,-78,-82,-86,-88,9
-84,-83,-80,-76,-90,-80,-61,-78,-80,-79,-92,-101,-91,-92,-84,-76,-80,-89,-75,-97,-87,-61,-92,-67,-75,-80,-73,-80,-80,-80,-86,-81,-79,-60,-86,-81,-76,-89,-91,9
-85,-79,-79,-69,-87,-88,-73,-83,-80,-80,-87,-96,-91,-89,-86,-84,-82,-86,-76,-91,-88,-65,-91,-68,-81,-80,-74,-85,-81,-84,-84,-78,-85,-66,-85,-83,-80,-86,-88,9
-88,-82,-88,-73,-94,-85,-66,-72,-78,-78,-88,-96,-90,-88,-83,-86,-79,-85,-85,-90,-87,-63,-92,-68,-86,-84,-74,-88,-79,-78,-87,-82,-78,-55,-87,-88,-76,-82,-89,9
-75,-76,-84,-74,-82,-72,-50,-75,-85,-84,-88,-90,-83,-81,-81,-75,-83,-88,-66,-90,-91,-63,-86,-60,-67,-86,-82,-82,-84,-87,-83,-82,-84,-67,-91,-80,-87,-78,-88,10
-73,-75,-86,-74,-78,-80,-50,-68,-85,-85,-90,-90,-83,-83,-82,-77,-84,-90,-83,-91,-90,-64,-87,-60,-69,-87,-76,-86,-86,-85,-85,-77,-84,-54,-91,-80,-87,-81,-86,10
-90,-86,-89,-73,-82,-71,-44,-75,-88,-91,-87,-90,-83,-95,-81,-76,-91,-92,-79,-83,-89,-55,-83,-66,-70,-89,-81,-81,-90,-81,-89,-70,-85,-54,-76,-81,-82,-82,-87,10
-77,-71,-84,-74,-82,-72,-44,-66,-86,-87,-90,-89,-86,-81,-93,-84,-85,-90,-77,-91,-89,-60,-86,-58,-79,-85,-80,-87,-85,-88,-85,-69,-85,-66,-90,-84,-82,-87,-90,10
-84,-76,-87,-68,-87,-85,-44,-76,-89,-89,-89,-89,-87,-80,-82,-81,-87,-82,-79,-80,-90,-56,-83,-59,-70,-81,-78,-86,-80,-88,-86,-68,-88,-52,-84,-83,-82,-81,-89,10
-90,-74,-89,-76,-82,-71,-47,-60,-89,-86,-87,-87,-80,-80,-79,-82,-87,-85,-77,-88,-89,-54,-85,-59,-69,-85,-81,-88,-86,-87,-88,-72,-86,-73,-86,-81,-82,-79,-87,10
-74,-70,-85,-68,-85,-75,-47,-69,-83,-83,-87,-88,-82,-90,-85,-83,-85,-87,-84,-84,-88,-62,-86,-63,-73,-83,-78,-84,-83,-82,-84,-73,-82,-55,-84,-83,-79,-91,-86,10
-75,-76,-84,-74,-82,-72,-50,-75,-85,-84,-88,-90,-83,-81,-81,-75,-83,-88,-66,-90,-91,-63,-86,-60,-67,-86,-82,-82,-84,-87,-83,-82,-84,-67,-91,-80,-87,-78,-88,10
-74,-80,-83,-64,-85,-80,-40,-78,-88,-87,-85,-88,-83,-80,-88,-79,-85,-89,-66,-78,-86,-54,-85,-63,-76,-82,-77,-90,-80,-80,-80,-84,-79,-53,-84,-78,-80,-80,-84,10
-74,-80,-83,-64,-85,-80,-40,-78,-88,-87,-85,-88,-83,-80,-88,-79,-85,-89,-66,-78,-86,-54,-85,-63,-76,-82,-77,-90,-80,-80,-80,-84,-79,-53,-84,-78,-80,-80,-84,10
-87,-62,-91,-60,-85,-72,-71,-70,-91,-94,-81,-90,-85,-82,-93,-55,-92,-90,-78,-90,-84,-80,-96,-76,-82,-92,-66,-91,-90,-91,-95,-68,-92,-61,-83,-64,-63,-80,-87,11
-85,-52,-91,-84,-80,-76,-75,-70,-88,-90,-83,-90,-83,-81,-81,-64,-89,-97,-80,-90,-84,-74,-90,-79,-76,-88,-77,-88,-93,-95,-93,-62,-95,-64,-82,-75,-66,-83,-89,11
-90,-60,-85,-60,-84,-78,-85,-69,-85,-86,-82,-89,-85,-80,-86,-65,-86,-83,-75,-90,-80,-82,-91,-81,-71,-85,-65,-85,-85,-90,-86,-68,-87,-65,-82,-65,-64,-78,-87,11
-90,-57,-91,-60,-81,-83,-77,-72,-93,-91,-80,-91,-87,-90,-83,-66,-91,-84,-71,-83,-81,-76,-84,-79,-80,-90,-65,-91,-91,-91,-91,-77,-91,-60,-79,-54,-68,-86,-90,11
-82,-61,-89,-80,-88,-75,-79,-78,-88,-88,-83,-91,-84,-82,-99,-70,-92,-86,-70,-94,-80,-75,-88,-74,-82,-88,-63,-87,-88,-89,-90,-69,-89,-59,-82,-56,-75,-74,-81,11
-86,-58,-92,-62,-83,-82,-69,-70,-90,-87,-80,-91,-81,-80,-93,-78,-88,-84,-67,-82,-77,-74,-86,-72,-74,-87,-67,-89,-89,-89,-91,-62,-89,-68,-78,-65,-63,-81,-89,11
-87,-58,-87,-65,-82,-75,-75,-71,-87,-87,-79,-89,-85,-80,-83,-67,-87,-89,-75,-83,-84,-72,-84,-73,-79,-88,-69,-87,-87,-87,-89,-60,-88,-57,-79,-54,-68,-81,-87,11
-90,-50,-91,-61,-86,-76,-77,-68,-85,-95,-80,-91,-92,-80,-86,-65,-86,-90,-68,-83,-87,-70,-89,-80,-74,-86,-56,-88,-86,-91,-95,-71,-87,-59,-87,-53,-71,-83,-88,11
-91,-52,-89,-63,-85,-88,-74,-72,-89,-88,-82,-88,-82,-92,-84,-61,-94,-87,-68,-83,-83,-77,-84,-79,-81,-87,-65,-96,-94,-87,-88,-60,-89,-58,-84,-53,-65,-83,-89,11
-91,-57,-88,-60,-91,-74,-73,-81,-95,-94,-86,-89,-84,-79,-84,-67,-90,-85,-68,-93,-88,-76,-101,-76,-80,-94,-66,-93,-93,-97,-94,-72,-92,-71,-76,-53,-70,-80,-88,11
-83,-56,-89,-68,-89,-80,-77,-75,-88,-88,-91,-97,-88,-87,-95,-74,-87,-95,-67,-89,-96,-75,-87,-65,-70,-89,-81,-88,-90,-88,-91,-81,-89,-81,-88,-71,-76,-84,-88,12
-82,-55,-86,-79,-85,-81,-80,-73,-90,-87,-89,-96,-86,-87,-80,-76,-86,-90,-76,-101,-93,-72,-95,-73,-63,-94,-73,-90,-91,-92,-90,-77,-92,-65,-82,-76,-83,-85,-89,12
-83,-57,-88,-68,-93,-79,-74,-77,-86,-91,-84,-100,-91,-87,-81,-80,-89,-88,-76,-88,-89,-66,-88,-66,-77,-85,-77,-86,-87,-87,-86,-80,-88,-60,-86,-79,-75,-90,-93,12
-83,-61,-86,-50,-89,-81,-77,-79,-86,-86,-87,-95,-91,-89,-85,-80,-87,-88,-68,-89,-87,-77,-88,-68,-70,-85,-79,-86,-86,-90,-86,-74,-89,-57,-88,-75,-77,-83,-92,12
-83,-55,-88,-54,-90,-80,-77,-80,-90,-89,-85,-91,-87,-89,-81,-76,-87,-87,-68,-84,-95,-75,-90,-67,-77,-87,-73,-86,-88,-86,-87,-72,-87,-61,-86,-74,-80,-92,-95,12
-92,-63,-86,-57,-87,-77,-72,-74,-88,-87,-94,-95,-89,-85,-87,-75,-89,-86,-77,-87,-90,-83,-98,-65,-65,-88,-75,-93,-91,-91,-93,-77,-90,-65,-81,-76,-77,-84,-88,12
-91,-54,-88,-62,-87,-81,-78,-76,-89,-87,-88,-92,-87,-98,-81,-77,-88,-88,-67,-95,-95,-70,-93,-68,-76,-91,-62,-91,-91,-88,-89,-83,-89,-68,-88,-76,-79,-85,-91,12
-83,-65,-90,-71,-90,-81,-77,-74,-88,-89,-85,-92,-85,-84,-83,-72,-92,-90,-82,-86,-93,-68,-90,-77,-81,-88,-81,-88,-90,-88,-91,-74,-87,-61,-88,-84,-78,-86,-91,12
-84,-56,-88,-69,-89,-77,-73,-82,-87,-87,-88,-96,-91,-85,-82,-75,-89,-92,-82,-86,-92,-67,-84,-66,-71,-89,-65,-88,-90,-87,-88,-70,-89,-69,-85,-72,-78,-84,-93,12
-83,-61,-88,-53,-90,-85,-71,-77,-88,-87,-85,-92,-89,-85,-92,-72,-86,-89,-68,-103,-86,-78,-89,-64,-77,-89,-82,-87,-90,-88,-86,-71,-91,-60,-88,-78,-76,-83,-87,12
-90,-71,-87,-47,-87,-78,-70,-77,-86,-87,-90,-91,-91,-89,-79,-83,-86,-88,-70,-87,-89,-67,-88,-80,-74,-88,-78,-86,-91,-86,-88,-76,-90,-65,-88,-72,-88,-81,-86,13
-94,-81,-83,-57,-87,-76,-66,-67,-81,-82,-90,-90,-84,-82,-80,-81,-84,-91,-78,-100,-90,-58,-92,-74,-74,-85,-65,-82,-85,-84,-84,-73,-88,-69,-83,-76,-77,-78,-88,13
-94,-81,-83,-57,-87,-76,-66,-67,-81,-82,-90,-90,-84,-82,-80,-81,-84,-91,-78,-100,-90,-58,-92,-74,-74,-85,-65,-82,-85,-84,-84,-73,-88,-69,-83,-76,-77,-78,-88,13
-85,-80,-88,-55,-82,-76,-68,-76,-86,-88,-89,-94,-82,-86,-90,-83,-85,-82,-75,-92,-90,-73,-94,-67,-82,-87,-71,-87,-83,-92,-92,-76,-91,-64,-85,-75,-77,-92,-83,13
-84,-72,-84,-53,-83,-74,-65,-76,-84,-86,-88,-95,-93,-88,-82,-77,-86,-92,-77,-94,-97,-61,-94,-64,-74,-87,-80,-85,-84,-84,-87,-77,-87,-70,-91,-76,-83,-76,-81,13
-92,-75,-83,-48,-92,-85,-81,-78,-87,-83,-88,-95,-91,-91,-88,-78,-87,-82,-73,-92,-91,-73,-92,-67,-78,-87,-82,-84,-85,-83,-83,-77,-86,-62,-89,-84,-79,-84,-89,13
-85,-80,-88,-55,-82,-76,-68,-76,-86,-88,-89,-94,-82,-86,-90,-83,-85,-82,-75,-92,-90,-73,-94,-67,-82,-87,-71,-87,-83,-92,-92,-76,-91,-64,-85,-75,-77,-92,-83,13
-92,-63,-84,-47,-86,-78,-72,-81,-85,-88,-88,-95,-83,-86,-81,-84,-83,-93,-82,-100,-91,-76,-90,-67,-74,-87,-69,-85,-86,-84,-82,-77,-81,-68,-88,-73,-78,-85,-90,13
-92,-71,-88,-50,-88,-79,-82,-71,-88,-87,-87,-93,-88,-87,-81,-81,-87,-87,-76,-90,-94,-66,-89,-71,-77,-91,-79,-87,-89,-84,-86,-89,-85,-64,-83,-72,-78,-83,-86,13
-94,-81,-83,-57,-87,-76,-66,-67,-81,-82,-90,-90,-84,-82,-80,-81,-84,-91,-78,-100,-90,-58,-92,-74,-74,-85,-65,-82,-85,-84,-84,-73,-88,-69,-83,-76,-77,-78,-88,13
-81,-64,-89,-44,-86,-76,-61,-61,-88,-87,-87,-93,-91,-90,-77,-79,-88,-93,-73,-90,-91,-62,-87,-66,-70,-89,-71,-91,-91,-89,-88,-83,-86,-69,-88,-79,-82,-90,-86,14
-86,-69,-82,-62,-90,-77,-68,-75,-86,-82,-85,-93,-90,-88,-86,-75,-83,-83,-62,-87,-93,-68,-88,-65,-78,-81,-70,-89,-81,-86,-82,-75,-81,-62,-81,-74,-82,-87,-87,14
-87,-66,-88,-65,-85,-78,-68,-74,-83,-82,-90,-90,-89,-90,-78,-75,-82,-84,-65,-94,-90,-70,-86,-66,-81,-85,-71,-83,-85,-83,-83,-73,-84,-64,-81,-70,-81,-84,-87,14
-89,-66,-85,-40,-86,-84,-70,-74,-87,-84,-83,-94,-88,-91,-82,-76,-88,-90,-71,-96,-89,-76,-88,-60,-77,-84,-70,-87,-84,-85,-83,-71,-87,-65,-80,-76,-79,-79,-89,14
-89,-66,-85,-40,-86,-84,-70,-74,-87,-84,-83,-94,-88,-91,-82,-76,-88,-90,-71,-96,-89,-76,-88,-60,-77,-84,-70,-87,-84,-85,-83,-71,-87,-65,-80,-76,-79,-79,-89,14
-82,-69,-81,-59,-89,-79,-61,-68,-83,-81,-83,-96,-88,-90,-75,-75,-82,-81,-75,-94,-89,-60,-92,-61,-72,-82,-71,-88,-83,-83,-80,-73,-81,-71,-86,-76,-80,-81,-87,14
-90,-68,-87,-47,-94,-75,-66,-78,-88,-86,-85,-91,-85,-87,-77,-76,-86,-84,-79,-92,-90,-80,-91,-57,-72,-89,-69,-90,-88,-88,-90,-81,-87,-63,-81,-79,-81,-81,-87,14
-83,-64,-83,-63,-85,-80,-61,-70,-84,-81,-82,-96,-84,-88,-74,-76,-83,-83,-68,-89,-91,-60,-97,-62,-69,-83,-80,-83,-83,-82,-82,-86,-84,-68,-81,-77,-93,-83,-88,14
-84,-66,-84,-60,-86,-88,-71,-63,-84,-85,-82,-93,-84,-88,-89,-80,-86,-90,-69,-94,-87,-61,-87,-68,-72,-84,-70,-84,-86,-86,-84,-84,-85,-64,-86,-84,-87,-88,-87,14
-83,-65,-90,-62,-92,-79,-69,-63,-86,-85,-84,-96,-86,-87,-77,-75,-91,-84,-63,-89,-88,-69,-87,-68,-69,-91,-70,-91,-90,-81,-88,-76,-85,-70,-82,-73,-78,-82,-87,14
-70,-70,-82,-49,-77,-74,-68,-78,-91,-83,-84,-85,-83,-88,-81,-73,-82,-88,-78,-85,-86,-64,-94,-55,-70,-88,-67,-80,-79,-86,-80,-79,-82,-72,-79,-68,-81,-76,-84,15
-69,-71,-85,-82,-80,-79,-57,-54,-86,-84,-85,-86,-78,-82,-78,-77,-86,-86,-67,-85,-92,-69,-79,-61,-63,-86,-67,-85,-84,-82,-86,-73,-84,-72,-75,-75,-79,-74,-81,15
-73,-73,-88,-72,-81,-82,-66,-53,-89,-88,-86,-91,-83,-84,-87,-72,-87,-86,-59,-88,-87,-67,-76,-57,-62,-88,-76,-88,-88,-87,-88,-73,-88,-58,-81,-74,-79,-76,-80,15
-68,-76,-85,-53,-80,-79,-71,-55,-88,-87,-82,-88,-77,-85,-84,-87,-85,-81,-68,-84,-83,-66,-79,-68,-76,-85,-71,-85,-85,-85,-85,-66,-85,-67,-75,-67,-88,-76,-84,15
-71,-74,-84,-74,-81,-70,-57,-69,-82,-83,-83,-87,-79,-70,-90,-89,-81,-80,-67,-86,-85,-79,-82,-60,-77,-81,-71,-82,-84,-82,-83,-67,-84,-64,-77,-83,-79,-77,-82,15
-78,-75,-86,-68,-77,-74,-57,-74,-87,-87,-87,-84,-78,-73,-89,-70,-84,-76,-67,-85,-85,-66,-89,-69,-72,-83,-68,-86,-86,-84,-85,-79,-84,-72,-79,-72,-76,-73,-81,15
-92,-71,-85,-53,-77,-73,-69,-80,-86,-86,-83,-87,-78,-83,-82,-71,-83,-82,-85,-85,-83,-66,-87,-59,-72,-89,-66,-82,-84,-85,-85,-79,-88,-67,-73,-69,-74,-75,-81,15
-70,-72,-85,-69,-81,-76,-68,-53,-85,-84,-83,-85,-81,-75,-81,-86,-85,-78,-65,-86,-84,-74,-82,-60,-78,-83,-70,-91,-84,-84,-85,-66,-83,-65,-73,-71,-77,-77,-85,15
-68,-70,-85,-71,-77,-73,-58,-52,-82,-86,-79,-87,-75,-80,-80,-73,-84,-79,-72,-84,-87,-62,-91,-66,-75,-85,-70,-84,-86,-84,-86,-78,-87,-75,-76,-71,-92,-78,-84,15
-78,-75,-86,-68,-77,-74,-57,-74,-87,-87,-87,-84,-78,-73,-89,-70,-84,-76,-67,-85,-85,-66,-89,-69,-72,-83,-68,-86,-86,-84,-85,-79,-84,-72,-79,-72,-76,-73,-81,15
-91,-59,-91,-76,-76,-78,-81,-72,-92,-90,-84,-88,-81,-81,-83,-53,-91,-88,-61,-84,-84,-75,-90,-67,-65,-90,-50,-90,-91,-91,-90,-63,-92,-74,-79,-57,-83,-77,-77,16
-89,-64,-93,-74,-83,-82,-77,-73,-93,-93,-79,-87,-81,-79,-84,-63,-91,-83,-60,-84,-84,-69,-87,-70,-68,-95,-62,-92,-92,-99,-96,-59,-98,-85,-80,-62,-73,-83,-83,16
-93,-65,-87,-72,-81,-78,-79,-66,-88,-87,-77,-88,-81,-84,-80,-56,-87,-81,-62,-84,-83,-67,-94,-68,-78,-90,-49,-87,-86,-88,-88,-58,-90,-72,-76,-55,-81,-75,-83,16
-86,-63,-90,-74,-79,-69,-77,-69,-90,-90,-81,-87,-88,-81,-79,-58,-88,-82,-64,-90,-75,-73,-89,-65,-63,-90,-60,-90,-89,-91,-88,-64,-89,-70,-81,-60,-88,-76,-82,16
-85,-74,-91,-82,-78,-81,-68,-65,-92,-90,-83,-90,-88,-85,-86,-56,-91,-82,-66,-87,-85,-73,-91,-69,-77,-93,-67,-90,-94,-91,-91,-63,-89,-71,-84,-64,-72,-76,-79,16
-85,-74,-91,-82,-78,-81,-68,-65,-92,-90,-83,-90,-88,-85,-86,-56,-91,-82,-66,-87,-85,-73,-91,-69,-77,-93,-67,-90,-94,-91,-91,-63,-89,-71,-84,-64,-72,-76,-79,16
-84,-66,-90,-74,-80,-66,-73,-69,-88,-88,-76,-91,-82,-81,-89,-59,-88,-91,-71,-87,-80,-74,-91,-78,-64,-89,-64,-89,-99,-88,-90,-59,-88,-76,-78,-61,-88,-78,-77,16
-89,-62,-91,-76,-80,-70,-72,-71,-93,-94,-82,-98,-83,-83,-85,-60,-91,-83,-67,-84,-82,-80,-94,-70,-75,-92,-67,-91,-91,-93,-91,-67,-91,-63,-82,-62,-73,-79,-80,16
-83,-66,-90,-74,-83,-67,-77,-67,-91,-89,-88,-91,-80,-80,-85,-51,-91,-82,-62,-83,-78,-66,-88,-69,-65,-90,-64,-92,-90,-91,-90,-67,-92,-64,-80,-63,-78,-76,-79,16
-85,-58,-92,-82,-80,-87,-72,-76,-92,-93,-82,-98,-82,-80,-82,-55,-94,-92,-68,-89,-77,-71,-89,-68,-64,-95,-48,-93,-92,-92,-90,-60,-92,-76,-82,-56,-85,-75,-84,16
-76,-72,-85,-77,-79,-79,-70,-74,-86,-86,-84,-87,-77,-76,-80,-63,-85,-91,-69,-87,-85,-66,-82,-69,-77,-85,-60,-88,-87,-88,-86,-63,-83,-73,-75,-62,-77,-85,-78,17
-85,-72,-90,-75,-78,-76,-81,-74,-89,-90,-82,-90,-78,-87,-75,-64,-90,-80,-59,-85,-83,-77,-88,-75,-60,-91,-61,-90,-90,-90,-92,-69,-91,-68,-82,-70,-82,-66,-75,17
-76,-72,-85,-77,-79,-79,-70,-74,-86,-86,-84,-87,-77,-76,-80,-63,-85,-91,-69,-87,-85,-66,-82,-69,-77,-85,-60,-88,-87,-88,-86,-63,-83,-73,-75,-62,-77,-85,-78,17
-86,-77,-89,-71,-83,-83,-82,-75,-89,-93,-85,-81,-77,-80,-78,-68,-90,-73,-53,-86,-82,-77,-81,-65,-81,-93,-56,-88,-89,-86,-86,-73,-87,-70,-77,-59,-75,-76,-78,17
-76,-67,-85,-77,-80,-78,-70,-75,-86,-86,-82,-89,-81,-71,-78,-69,-85,-89,-69,-84,-82,-70,-79,-61,-80,-85,-58,-88,-87,-87,-85,-66,-88,-74,-75,-63,-81,-73,-78,17
-74,-69,-91,-70,-80,-67,-71,-65,-89,-90,-86,-89,-75,-81,-74,-73,-92,-87,-65,-82,-82,-70,-88,-69,-61,-93,-62,-89,-93,-89,-90,-70,-89,-69,-84,-73,-83,-85,-75,17
-84,-63,-86,-69,-85,-68,-69,-65,-87,-87,-78,-89,-81,-73,-76,-66,-87,-78,-55,-82,-83,-68,-90,-62,-63,-86,-55,-84,-87,-86,-85,-69,-90,-75,-76,-71,-82,-73,-77,17
-74,-67,-90,-73,-80,-78,-76,-75,-89,-92,-87,-82,-77,-75,-77,-67,-90,-80,-60,-80,-86,-70,-90,-60,-62,-91,-57,-90,-90,-88,-89,-67,-90,-67,-78,-65,-72,-73,-87,17
-70,-77,-93,-79,-78,-77,-77,-68,-90,-93,-86,-84,-80,-76,-76,-65,-92,-73,-64,-83,-81,-77,-82,-61,-67,-91,-72,-89,-92,-92,-90,-73,-91,-76,-75,-77,-75,-84,-84,17
-88,-76,-93,-75,-80,-77,-80,-77,-92,-88,-83,-81,-81,-76,-76,-68,-89,-72,-59,-83,-81,-68,-83,-59,-65,-90,-57,-90,-90,-91,-92,-83,-90,-66,-84,-67,-74,-69,-82,17
-84,-78,-91,-75,-80,-79,-78,-72,-86,-87,-76,-81,-79,-85,-82,-74,-89,-81,-47,-80,-81,-69,-86,-67,-69,-87,-52,-91,-88,-88,-87,-58,-88,-65,-69,-64,-82,-83,-74,18
-86,-78,-85,-78,-84,-76,-69,-70,-85,-87,-74,-86,-81,-87,-74,-63,-87,-85,-60,-89,-81,-85,-91,-61,-78,-84,-50,-85,-88,-88,-92,-66,-85,-76,-80,-70,-79,-84,-73,18
-83,-69,-89,-72,-79,-74,-76,-79,-89,-86,-79,-88,-76,-83,-88,-79,-92,-83,-46,-87,-82,-77,-85,-70,-62,-89,-44,-87,-91,-86,-87,-65,-86,-73,-69,-64,-85,-67,-77,18
-85,-68,-86,-83,-81,-66,-59,-70,-84,-86,-83,-87,-79,-82,-83,-60,-83,-76,-51,-86,-81,-68,-86,-62,-74,-85,-65,-84,-83,-85,-90,-66,-85,-64,-68,-62,-81,-83,-78,18
-86,-72,-89,-71,-81,-67,-61,-69,-86,-92,-84,-86,-84,-78,-89,-59,-89,-74,-61,-86,-87,-68,-84,-65,-71,-91,-63,-92,-92,-92,-89,-66,-84,-65,-82,-62,-81,-79,-81,18
-85,-68,-86,-83,-81,-66,-59,-70,-84,-86,-83,-87,-79,-82,-83,-60,-83,-76,-51,-86,-81,-68,-86,-62,-74,-85,-65,-84,-83,-85,-90,-66,-85,-64,-68,-62,-81,-83,-78,18
-88,-73,-87,-75,-85,-70,-77,-66,-85,-85,-81,-84,-86,-87,-81,-83,-90,-75,-61,-82,-83,-77,-80,-59,-71,-86,-53,-84,-85,-88,-85,-59,-85,-75,-63,-65,-85,-78,-72,18
-83,-69,-89,-72,-79,-74,-76,-79,-89,-86,-79,-88,-76,-83,-88,-79,-92,-83,-46,-87,-82,-77,-85,-70,-62,-89,-44,-87,-91,-86,-87,-65,-86,-73,-69,-64,-85,-67,-77,18
-84,-76,-84,-73,-81,-67,-80,-60,-86,-86,-81,-84,-77,-88,-87,-79,-87,-80,-47,-81,-84,-80,-85,-66,-69,-85,-62,-86,-85,-86,-86,-72,-92,-74,-75,-61,-81,-72,-77,18
-88,-73,-87,-75,-85,-70,-77,-66,-85,-85,-81,-84,-86,-87,-81,-83,-90,-75,-61,-82,-83,-77,-80,-59,-71,-86,-53,-84,-85,-88,-85,-59,-85,-75,-63,-65,-85,-78,-72,18
-78,-79,-84,-88,-83,-70,-78,-72,-83,-85,-82,-85,-85,-73,-79,-76,-84,-77,-57,-85,-87,-62,-87,-59,-61,-90,-66,-84,-84,-84,-84,-59,-85,-77,-85,-73,-88,-78,-79,19
-90,-82,-91,-70,-81,-86,-77,-57,-93,-92,-83,-86,-82,-83,-69,-63,-92,-83,-48,-88,-83,-62,-79,-60,-74,-89,-64,-90,-91,-90,-90,-60,-88,-74,-75,-70,-80,-77,-78,19
-90,-78,-84,-78,-81,-64,-70,-69,-86,-85,-81,-87,-88,-75,-79,-76,-83,-76,-52,-84,-89,-78,-83,-70,-71,-83,-63,-84,-84,-84,-84,-58,-86,-83,-73,-81,-83,-81,-90,19
-78,-78,-90,-78,-75,-81,-62,-63,-90,-90,-81,-82,-82,-75,-67,-62,-90,-86,-65,-81,-85,-68,-87,-55,-68,-89,-53,-89,-90,-90,-90,-82,-89,-73,-75,-79,-86,-70,-82,19
-90,-82,-91,-70,-81,-86,-77,-57,-93,-92,-83,-86,-82,-83,-69,-63,-92,-83,-48,-88,-83,-62,-79,-60,-74,-89,-64,-90,-91,-90,-90,-60,-88,-74,-75,-70,-80,-77,-78,19
-76,-82,-90,-78,-77,-69,-74,-59,-90,-90,-81,-85,-83,-76,-68,-69,-90,-85,-47,-85,-94,-59,-79,-64,-69,-92,-65,-89,-92,-92,-89,-62,-88,-74,-90,-74,-82,-78,-77,19
-76,-82,-90,-78,-77,-69,-74,-59,-90,-90,-81,-85,-83,-76,-68,-69,-90,-85,-47,-85,-94,-59,-79,-64,-69,-92,-65,-89,-92,-92,-89,-62,-88,-74,-90,-74,-82,-78,-77,19
-90,-75,-90,-68,-82,-77,-75,-53,-91,-89,-84,-84,-80,-84,-68,-69,-89,-89,-44,-84,-84,-66,-78,-66,-69,-88,-53,-90,-89,-92,-92,-72,-88,-77,-74,-67,-88,-73,-81,19
-81,-81,-88,-76,-83,-67,-65,-56,-91,-89,-86,-82,-88,-84,-68,-64,-88,-83,-57,-83,-82,-60,-76,-67,-71,-89,-65,-89,-91,-89,-91,-64,-92,-78,-82,-73,-87,-79,-79,19
-77,-76,-90,-66,-77,-72,-63,-60,-90,-90,-79,-81,-82,-76,-67,-73,-90,-83,-56,-89,-84,-60,-87,-63,-68,-92,-53,-89,-92,-92,-89,-70,-88,-80,-88,-73,-88,-77,-82,19
-82,-77,-84,-81,-80,-73,-78,-61,-85,-86,-77,-85,-81,-81,-87,-72,-87,-81,-49,-81,-88,-69,-82,-39,-61,-86,-65,-84,-87,-87,-84,-66,-86,-65,-81,-81,-81,-78,-82,20
-85,-82,-85,-66,-80,-74,-69,-54,-85,-85,-82,-81,-85,-77,-86,-77,-84,-77,-48,-88,-85,-68,-88,-40,-71,-82,-65,-86,-85,-86,-85,-62,-86,-75,-69,-64,-80,-77,-83,20
-78,-80,-84,-77,-76,-75,-69,-61,-88,-82,-73,-83,-75,-84,-84,-75,-84,-78,-47,-79,-90,-58,-88,-49,-64,-84,-67,-83,-84,-88,-86,-68,-88,-68,-69,-64,-86,-73,-84,20
-85,-82,-85,-66,-80,-74,-69,-54,-85,-85,-82,-81,-85,-77,-86,-77,-84,-77,-48,-88,-85,-68,-88,-40,-71,-82,-65,-86,-85,-86,-85,-62,-86,-75,-69,-64,-80,-77,-83,20
-70,-78,-81,-76,-80,-80,-61,-68,-82,-83,-82,-85,-76,-77,-74,-82,-82,-81,-74,-86,-85,-59,-87,-48,-62,-82,-64,-84,-84,-82,-82,-68,-86,-77,-69,-69,-81,-66,-78,20
-84,-82,-81,-71,-83,-75,-68,-58,-79,-83,-76,-83,-75,-85,-74,-86,-80,-77,-50,-82,-91,-69,-82,-49,-70,-83,-65,-83,-88,-83,-80,-61,-83,-69,-69,-65,-86,-88,-80,20
-82,-77,-84,-81,-80,-73,-78,-61,-85,-86,-77,-85,-81,-81,-87,-72,-87,-81,-49,-81,-88,-69,-82,-39,-61,-86,-65,-84,-87,-87,-84,-66,-86,-65,-81,-81,-81,-78,-82,20
-76,-77,-85,-71,-78,-80,-68,-69,-88,-87,-72,-87,-85,-86,-81,-82,-85,-83,-48,-85,-88,-69,-86,-39,-62,-84,-61,-79,-87,-81,-80,-66,-86,-77,-76,-64,-86,-64,-84,20
-70,-78,-81,-76,-80,-80,-61,-68,-82,-83,-82,-85,-76,-77,-74,-82,-82,-81,-74,-86,-85,-59,-87,-48,-62,-82,-64,-84,-84,-82,-82,-68,-86,-77,-69,-69,-81,-66,-78,20
-84,-82,-81,-71,-83,-75,-68,-58,-79,-83,-76,-83,-75,-85,-74,-86,-80,-77,-50,-82,-91,-69,-82,-49,-70,-83,-65,-83,-88,-83,-80,-61,-83,-69,-69,-65,-86,-88,-80,20
-85,-76,-93,-81,-76,-85,-77,-68,-95,-93,-74,-87,-79,-82,-80,-49,-92,-81,-67,-80,-75,-70,-79,-74,-58,-96,-57,-91,-93,-96,-94,-51,-94,-72,-74,-57,-87,-69,-85,21
-84,-70,-90,-78,-72,-77,-80,-69,-91,-90,-73,-87,-80,-88,-79,-53,-92,-84,-82,-86,-77,-67,-79,-68,-66,-92,-58,-88,-91,-92,-90,-58,-89,-67,-79,-64,-76,-76,-79,21
-86,-80,-93,-84,-74,-62,-72,-65,-95,-93,-74,-89,-82,-82,-70,-56,-96,-84,-80,-83,-72,-76,-84,-78,-55,-94,-65,-95,-93,-92,-92,-55,-91,-71,-76,-57,-80,-67,-77,21
-88,-69,-97,-81,-81,-82,-77,-70,-95,-91,-80,-87,-81,-79,-79,-53,-94,-85,-70,-79,-77,-84,-81,-79,-63,-95,-66,-95,-93,-95,-92,-59,-96,-66,-73,-65,-82,-65,-79,21
-86,-68,-94,-77,-80,-78,-85,-67,-96,-98,-74,-86,-82,-79,-85,-58,-92,-87,-64,-77,-72,-75,-82,-71,-71,-89,-68,-90,-94,-95,-93,-59,-95,-77,-77,-55,-76,-85,-80,21
-86,-70,-99,-85,-84,-63,-72,-68,-94,-96,-76,-91,-81,-80,-86,-66,-96,-82,-79,-91,-83,-74,-87,-78,-59,-98,-65,-95,-99,-93,-92,-67,-97,-67,-72,-59,-87,-66,-77,21
-83,-71,-99,-78,-79,-84,-79,-73,-94,-96,-71,-92,-83,-84,-74,-58,-96,-78,-65,-84,-77,-79,-84,-83,-67,-98,-74,-95,-99,-93,-92,-49,-97,-75,-85,-66,-76,-64,-79,21
-85,-76,-93,-81,-76,-85,-77,-68,-95,-93,-74,-87,-79,-82,-80,-49,-92,-81,-67,-80,-75,-70,-79,-74,-58,-96,-57,-91,-93,-96,-94,-51,-94,-72,-74,-57,-87,-69,-85,21
-82,-78,-97,-80,-73,-62,-80,-80,-98,-94,-74,-87,-77,-78,-89,-57,-95,-82,-80,-89,-74,-75,-78,-77,-70,-96,-69,-91,-91,-96,-92,-52,-94,-69,-82,-58,-88,-78,-75,21
-84,-70,-90,-78,-72,-77,-80,-69,-91,-90,-73,-87,-80,-88,-79,-53,-92,-84,-82,-86,-77,-67,-79,-68,-66,-92,-58,-88,-91,-92,-90,-58,-89,-67,-79,-64,-76,-76,-79,21
-79,-71,-88,-83,-79,-65,-73,-62,-89,-88,-80,-86,-81,-81,-73,-66,-89,-84,-61,-82,-76,-71,-83,-72,-67,-88,-78,-89,-88,-89,-90,-63,-89,-76,-83,-58,-79,-72,-76,22
-82,-73,-89,-74,-74,-64,-70,-70,-90,-89,-79,-85,-79,-76,-88,-69,-86,-74,-75,-82,-71,-65,-83,-76,-65,-89,-66,-89,-90,-90,-90,-67,-89,-68,-72,-57,-79,-83,-82,22
-82,-79,-89,-84,-73,-68,-73,-69,-89,-87,-84,-93,-82,-85,-76,-68,-87,-83,-50,-82,-70,-65,-87,-67,-57,-88,-64,-87,-87,-89,-88,-59,-87,-71,-76,-57,-81,-74,-74,22
-84,-63,-86,-80,-81,-82,-77,-62,-89,-89,-75,-85,-69,-74,-78,-70,-86,-85,-60,-75,-81,-79,-86,-64,-60,-87,-68,-89,-89,-86,-85,-66,-87,-76,-66,-59,-83,-60,-76,22
-82,-61,-89,-79,-74,-70,-71,-76,-89,-89,-78,-88,-79,-82,-71,-61,-88,-84,-68,-81,-78,-64,-84,-67,-65,-89,-72,-89,-89,-90,-89,-63,-86,-72,-71,-61,-75,-83,-66,22
-80,-73,-88,-75,-80,-68,-75,-76,-87,-92,-87,-82,-81,-76,-83,-68,-87,-74,-76,-83,-74,-62,-82,-67,-62,-87,-73,-91,-87,-86,-85,-66,-88,-77,-68,-58,-77,-71,-84,22
-80,-73,-88,-75,-80,-68,-75,-76,-87,-92,-87,-82,-81,-76,-83,-68,-87,-74,-76,-83,-74,-62,-82,-67,-62,-87,-73,-91,-87,-86,-85,-66,-88,-77,-68,-58,-77,-71,-84,22
-83,-72,-85,-79,-78,-82,-82,-76,-87,-87,-79,-86,-80,-78,-75,-63,-87,-74,-60,-83,-79,-69,-82,-68,-63,-87,-72,-86,-86,-91,-86,-69,-92,-69,-68,-54,-79,-66,-77,22
-84,-74,-85,-75,-77,-69,-72,-68,-86,-86,-75,-85,-80,-83,-71,-76,-85,-80,-80,-75,-75,-74,-89,-66,-59,-86,-70,0,0,-86,0,-62,-86,-71,-74,-67,-79,-75,-72,22
-80,-69,-90,-79,-76,-78,-78,-61,-88,-87,-75,-87,-71,-79,-75,-63,-88,-80,-58,-86,-81,-71,-85,-66,-58,-87,-63,-89,-87,-88,-86,-66,-90,-68,-66,-55,-82,-67,-80,22
-88,-68,-87,-76,-76,-80,-76,-59,-88,-87,-81,-84,-78,-84,-74,-75,-88,-85,-59,-79,-83,-75,-78,-69,-71,-89,-63,-90,-90,-92,-90,-72,-88,-75,-75,-62,-81,-70,-74,23
-77,-67,-90,-81,-79,-70,-80,-57,-90,-91,-78,-85,-83,-82,-69,-72,-90,-83,-62,-80,-81,-78,-85,-67,-61,-87,-64,-90,-91,-89,-88,-64,-87,-71,-75,-63,-82,-77,-73,23
-85,-71,-86,-76,-83,-72,-76,-62,-87,-87,-82,-84,-82,-77,-83,-67,-85,-82,-59,-88,-80,-75,-81,-62,-62,-91,-62,-87,-88,-85,-86,-58,-90,-72,-67,-58,-80,-72,-77,23
-77,-67,-90,-81,-79,-70,-80,-57,-90,-91,-78,-85,-83,-82,-69,-72,-90,-83,-62,-80,-81,-78,-85,-67,-61,-87,-64,-90,-91,-89,-88,-64,-87,-71,-75,-63,-82,-77,-73,23
-75,-67,-89,-75,-77,-72,-74,-64,-89,-92,-82,-83,-82,-83,-66,-64,-88,-76,-59,-79,-85,-75,-85,-69,-55,-92,-61,-90,-90,-90,-89,-58,-90,-68,-78,-61,-84,-77,-75,23
-77,-65,-87,-79,-81,-63,-69,-60,-88,-91,-79,-89,-82,-82,-81,-70,-90,-86,-69,-79,-81,-72,-81,-68,-54,-87,-70,-87,-91,-89,-89,-70,-89,-77,-75,-64,-87,-72,-75,23
-83,-69,-87,-76,-81,-71,-69,-62,-87,-90,-77,-87,-82,-83,-64,-61,-87,-83,-72,-80,-83,-66,-85,-71,-56,-91,-62,-86,-87,-86,-87,-65,-89,-76,-72,-57,-81,-72,-76,23
-75,-67,-89,-75,-77,-72,-74,-64,-89,-92,-82,-83,-82,-83,-66,-64,-88,-76,-59,-79,-85,-75,-85,-69,-55,-92,-61,-90,-90,-90,-89,-58,-90,-68,-78,-61,-84,-77,-75,23
-79,-71,-90,-77,-79,-71,-77,-70,-90,-93,-80,-87,-86,-79,-66,-65,-90,-84,-67,-80,-83,-71,-81,-72,-59,-88,-71,-88,-91,-86,-89,-62,-90,-76,-70,-59,-81,-74,-74,23
-83,-69,-87,-76,-81,-71,-69,-62,-87,-90,-77,-87,-82,-83,-64,-61,-87,-83,-72,-80,-83,-66,-85,-71,-56,-91,-62,-86,-87,-86,-87,-65,-89,-76,-72,-57,-81,-72,-76,23
-85,-75,-94,-76,-80,-72,-71,-63,-91,-90,-69,-86,-82,-84,-87,-77,-90,-82,-69,-80,-85,-80,-82,-66,-54,-93,-68,-89,-90,-90,-89,-74,-92,-65,-78,-60,-83,-76,-80,24
-91,-81,-91,-77,-88,-82,-65,-59,-90,-87,-69,-91,-76,-82,-70,-78,-91,-78,-64,-81,-88,-63,-89,-58,-50,-94,-70,-92,-93,-89,-92,-65,-92,-72,-75,-61,-89,-69,-85,24
-88,-74,-86,-78,-90,-73,-64,-64,-90,-93,-72,-88,-73,-81,-85,-76,-92,-80,-81,-83,-89,-70,-85,-62,-71,-85,-75,-85,-89,-86,-90,-65,-86,-77,-76,-71,-85,-86,-82,24
-85,-72,-87,-79,-78,-73,-63,-74,-88,-87,-72,-89,-73,-78,-85,-79,-86,-83,-78,-83,-86,-63,-88,-64,-69,-87,-75,-89,-86,-89,-90,-62,-89,-71,-80,-70,-88,-84,-82,24
-79,-78,-90,-75,-83,-74,-71,-74,-92,-92,-72,-86,-83,-75,-77,-71,-92,-80,-78,-86,-89,-72,-81,-69,-62,-92,-69,-88,-90,-94,-91,-60,-91,-65,-78,-77,-83,-77,-85,24
-80,-82,-87,-86,-79,-62,-76,-73,-84,-86,-67,-87,-84,-82,-76,-70,-86,-80,-66,-81,-88,-63,-86,-57,-68,-85,-69,-87,-85,-86,-86,-63,-86,-70,-76,-64,-84,-81,-81,24
-83,-84,-86,-73,-81,-70,-74,-64,-88,-87,-69,-85,-73,-86,-82,-72,-87,-84,-61,-86,-89,-71,-85,-60,-57,-86,-79,-85,-88,-90,-87,-61,-90,-65,-73,-62,-90,-80,-85,24
-81,-81,-84,-85,-81,-60,-66,-64,-86,-85,-70,-91,-81,-83,-72,-74,-85,-83,-66,-87,-84,-68,-87,-59,-48,-90,-81,-84,-89,-86,-84,-68,-85,-77,-74,-63,-85,-66,-81,24
-85,-86,-88,-83,-82,-80,-64,-65,-88,-87,-72,-92,-82,-81,-70,-78,-88,-82,-59,-83,-88,-62,-83,-61,-54,-90,-75,-87,-87,-89,-87,-64,-88,-73,-84,-63,-86,-72,-81,24
-87,-74,-87,-88,-79,-72,-78,-58,-87,-87,-69,-85,-72,-87,-81,-69,-87,-82,-63,-84,-87,-72,-88,-59,-62,-86,-75,-85,-85,-86,-87,-66,-85,-73,-73,-71,-87,-67,-82,24
-79,-79,-89,-76,-80,-71,-69,-62,-88,-88,-76,-82,-77,-76,-83,-75,-89,-91,-66,-83,-85,-70,-81,-56,-61,-92,-71,-82,-81,-89,-82,-60,-89,-75,-84,-71,-80,-72,-79,25
-70,-82,-89,-77,-81,-72,-68,-73,-88,-89,-76,-86,-83,-83,-74,-69,-88,-86,-68,-81,-84,-65,-78,-58,-63,-89,-85,-92,-89,-89,-89,-65,-89,-68,-79,-69,-83,-75,-77,25
-70,-77,-84,-74,-78,-67,-67,-76,-91,-89,-74,-90,-74,-81,-72,-69,-86,-88,-67,-82,-85,-70,-77,-58,-61,-92,-69,-89,-89,-89,-90,-70,-89,-73,-75,-74,-82,-69,-83,25
-84,-76,-93,-75,-81,-72,-71,-69,-89,-89,-79,-83,-78,-80,-91,-73,-89,-80,-69,-84,-86,-69,-85,-59,-59,-90,-69,-91,-89,-89,-89,-70,-88,-70,-79,-55,-81,-74,-78,25
-68,-78,-88,-82,-80,-72,-71,-74,-87,-92,-81,-83,-74,-78,-72,-77,-89,-80,-67,-81,-87,-63,-85,-58,-62,-92,-71,-90,-87,-94,-90,-66,-86,-69,-75,-77,-82,-73,-83,25
-85,-80,-93,-69,-79,-72,-79,-49,-88,-88,-75,-82,-79,-89,-84,-80,-89,-82,-54,-78,-89,-73,-89,-65,-67,-90,-70,-91,-92,-90,-90,-70,-89,-83,-69,-57,-84,-65,-80,25
-72,-77,-93,-70,-84,-65,-70,-60,-88,-88,-78,-83,-84,-77,-85,-73,-89,-80,-65,-82,-86,-63,-78,-58,-64,-90,-70,-89,-89,-89,-88,-63,-91,-67,-75,-71,-84,-73,-78,25
-67,-74,-90,-76,-75,-67,-71,-73,-93,-94,-76,-85,-74,-77,-83,-68,-94,-86,-68,-82,-83,-62,-86,-56,-61,-92,-74,-96,-92,-94,-93,-73,-96,-72,-74,-73,-83,-81,-83,25
-67,-74,-90,-76,-75,-67,-71,-73,-93,-94,-76,-85,-74,-77,-83,-68,-94,-86,-68,-82,-83,-62,-86,-56,-61,-92,-74,-96,-92,-94,-93,-73,-96,-72,-74,-73,-83,-81,-83,25
-79,-79,-89,-76,-80,-71,-69,-62,-88,-88,-76,-82,-77,-76,-83,-75,-89,-91,-66,-83,-85,-70,-81,-56,-61,-92,-71,-82,-81,-89,-82,-60,-89,-75,-84,-71,-80,-72,-79,25
-82,-69,-92,-84,-74,-78,-68,-71,-89,-91,-76,-85,-86,-75,-80,-62,-91,-85,-80,-88,-82,-84,-87,-74,-73,-91,-64,-91,-91,-90,-91,-66,-91,-76,-82,-54,-81,-69,-82,26
-87,-80,-91,-78,-74,-75,-84,-72,-87,-91,-70,-89,-86,-77,-83,-61,-90,-88,-62,-79,-77,-71,-84,-76,-57,-89,-64,-90,-88,-89,-89,-70,-90,-84,-65,-42,-90,-57,-78,26
-82,-80,-87,-74,-68,-75,-81,-71,-89,-91,-71,-88,-86,-77,-82,-53,-89,-86,-64,-80,-74,-70,-85,-75,-60,-89,-64,-89,-88,-87,-89,-75,-90,-80,-67,-63,-84,-62,-71,26
-82,-69,-92,-84,-74,-78,-68,-71,-89,-91,-76,-85,-86,-75,-80,-62,-91,-85,-80,-88,-82,-84,-87,-74,-73,-91,-64,-91,-91,-90,-91,-66,-91,-76,-82,-54,-81,-69,-82,26
-83,-78,-89,-85,-82,-70,-79,-70,-88,-88,-70,-86,-81,-73,-82,-51,-89,-87,-65,-78,-82,-81,-83,-68,-64,-88,-70,-90,-89,-90,-87,-57,-93,-75,-67,-46,-80,-64,-78,26
-83,-78,-89,-85,-82,-70,-79,-70,-88,-88,-70,-86,-81,-73,-82,-51,-89,-87,-65,-78,-82,-81,-83,-68,-64,-88,-70,-90,-89,-90,-87,-57,-93,-75,-67,-46,-80,-64,-78,26
-85,-69,-91,-72,-73,-82,-85,-73,-92,-90,-69,-88,-82,-79,-83,-53,-91,-85,-62,-81,-83,-74,-86,-81,-59,-89,-63,-91,-91,-91,-91,-67,-91,-76,-73,-39,-83,-59,-81,26
-86,-75,-89,-75,-70,-74,-82,-70,-90,-89,-71,-89,-83,-87,-89,-51,-90,-84,-73,-80,-83,-75,-87,-73,-67,-89,-66,-89,-90,-89,-90,-61,-89,-74,-66,-51,-80,-60,-69,26
-78,-67,-89,-76,-71,-74,-84,-70,-91,-89,-76,-87,-87,-78,-82,-59,-88,-88,-65,-81,-77,-72,-85,-82,-58,-88,-64,-90,-91,-88,-88,-62,-89,-75,-68,-52,-86,-64,-70,26
-84,-77,-88,-75,-70,-73,-81,-69,-87,-86,-77,-86,-86,-74,-82,-53,-87,-83,-73,-79,-74,-69,-87,-73,-61,-89,-63,-89,-87,-87,-87,-57,-88,-77,-73,-52,-80,-61,-74,26
-86,-71,-85,-79,-84,-70,-74,-72,-88,-86,-80,-89,-81,-78,-84,-48,-86,-76,-67,-87,-81,-70,-84,-81,-54,-85,-69,-85,-85,-84,-85,-54,-85,-75,-65,-49,-73,-70,-71,27
-79,-71,-86,-79,-74,-64,-76,-81,-89,-85,-77,-92,-84,-75,-85,-59,-86,-77,-81,-88,-80,-73,-82,-74,-69,-88,-76,-89,-91,-88,-90,-46,-91,-74,-79,-56,-76,-82,-70,27
-85,-71,-83,-75,-77,-71,-80,-70,-82,-82,-74,-83,-82,-82,-84,-56,-83,-78,-60,-82,-83,-77,-78,-67,-59,-83,-73,-88,-88,-88,-86,-53,-83,-76,-63,-43,-76,-68,-75,27
-81,-71,-93,-79,-75,-68,-71,-74,-90,-90,-77,-91,-84,-79,-75,-47,-90,-86,-79,-93,-83,-63,-78,-73,-62,-91,-84,-91,-90,-93,-89,-48,-90,-73,-72,-49,-81,-75,-69,27
-81,-71,-91,-82,-78,-68,-79,-72,-92,-87,-80,-84,-90,-76,-89,-46,-87,-79,-63,-89,-82,-67,-82,-72,-78,-91,-74,-88,-88,-87,-87,-49,-92,-84,-73,-62,-77,-75,-69,27
-85,-78,-93,-74,-77,-71,-83,-73,-91,-92,-77,-82,-84,-85,-79,-45,-91,-79,-76,-92,-87,-76,-79,-63,-70,-89,-77,-90,-88,-90,-91,-47,-89,-81,-62,-49,-76,-76,-72,27
-86,-76,-83,-73,-79,-67,-73,-74,-82,-82,-74,-93,-77,-79,-86,-48,-83,-81,-79,-85,-85,-59,-83,-72,-81,-83,-73,-88,-88,-88,-86,-52,-83,-77,-79,-63,-75,-83,-70,27
-85,-78,-93,-74,-77,-71,-83,-73,-91,-92,-77,-82,-84,-85,-79,-45,-91,-79,-76,-92,-87,-76,-79,-63,-70,-89,-77,-90,-88,-90,-91,-47,-89,-81,-62,-49,-76,-76,-72,27
-83,-81,-89,-82,-81,-76,-82,-72,-86,-86,-78,-82,-79,-84,-76,-53,-86,-77,-64,-83,-77,-73,-81,-65,-64,-85,-71,-86,-87,-92,-91,-49,-86,-74,-65,-49,-82,-65,-80,27
-82,-80,-89,-75,-74,-66,-85,-68,-88,-90,-74,-83,-80,-78,-77,-58,-86,-80,-62,-83,-84,-70,-83,-71,-53,-91,-66,-87,-90,-88,-92,-59,-88,-76,-62,-47,-89,-64,-70,27
-85,-75,-89,-73,-80,-71,-80,-68,-89,-87,-70,-86,-84,-76,-85,-68,-91,-82,-83,-89,-93,-72,-82,-60,-55,-87,-66,-86,-87,-87,-92,-61,-88,-67,-67,-55,-80,-57,-81,28
-86,-76,-84,-73,-84,-67,-69,-73,-84,-84,-81,-90,-84,-83,-86,-71,-85,-87,-75,-89,-90,-76,-88,-64,-47,-88,-76,-87,-87,-88,-86,-57,-87,-75,-80,-65,-83,-68,-81,28
-82,-79,-87,-84,-81,-68,-70,-62,-86,-90,-72,-89,-84,-80,-77,-73,-91,-81,-79,-90,-79,-75,-85,-63,-59,-87,-74,-87,-90,-90,-90,-59,-87,-74,-90,-61,-80,-65,-79,28
-92,-76,-86,-71,-78,-70,-81,-67,-90,-90,-73,-85,-80,-76,-79,-69,-89,-78,-64,-82,-88,-76,-91,-65,-51,-87,-70,-90,-89,-86,-88,-65,-88,-74,-74,-56,-84,-71,-80,28
-89,-71,-89,-78,-80,-65,-80,-65,-92,-90,-73,-85,-87,-80,-75,-63,-91,-84,-81,-87,-82,-67,-85,-61,-56,-89,-79,-90,-91,-90,-90,-49,-89,-76,-79,-65,-77,-72,-78,28
-82,-79,-87,-84,-81,-68,-70,-62,-86,-90,-72,-89,-84,-80,-77,-73,-91,-81,-79,-90,-79,-75,-85,-63,-59,-87,-74,-87,-90,-90,-90,-59,-87,-74,-90,-61,-80,-65,-79,28
-78,-75,-89,-88,-87,-72,-73,-76,-89,-88,-73,-86,-86,-78,-82,-70,-90,-77,-75,-87,-84,-67,-84,-58,-61,-89,-73,-88,-89,-88,-87,-63,-89,-72,-79,-63,-80,-59,-80,28
-78,-75,-89,-88,-87,-72,-73,-76,-89,-88,-73,-86,-86,-78,-82,-70,-90,-77,-75,-87,-84,-67,-84,-58,-61,-89,-73,-88,-89,-88,-87,-63,-89,-72,-79,-63,-80,-59,-80,28
-80,-83,-86,-79,-83,-70,-77,-76,-85,-87,-76,-84,-81,-83,-78,-70,-87,-79,-63,-90,-81,-79,-84,-59,-58,-86,-79,-87,-86,-91,-87,-70,-92,-73,-82,-61,-81,-60,-79,28
-87,-74,-90,-74,-81,-70,-80,-72,-94,-91,-76,-84,-88,-83,-78,-64,-93,-79,-64,-88,-85,-81,-86,-66,-58,-91,-72,-93,-91,-89,-90,-69,-90,-71,-67,-65,-78,-57,-80,28
-84,-72,-94,-73,-80,-65,-69,-63,-92,-93,-80,-85,-75,-77,-81,-67,-92,-87,-69,-85,-90,-67,-86,-58,-57,-91,-65,-92,-90,-93,-93,-64,-89,-64,-81,-64,-87,-64,-81,29
-82,-75,-87,-73,-82,-70,-82,-63,-88,-87,-84,-85,-85,-84,-72,-70,-89,-84,-65,-84,-90,-64,-83,-60,-45,-88,-67,-89,-87,-88,-87,-73,-87,-63,-79,-68,-82,-61,-81,29
-77,-68,-88,-80,-76,-65,-71,-57,-82,-82,-84,-90,-80,-85,-76,-68,-82,-79,-72,-84,-85,-75,-84,-62,-58,-89,-73,-81,-90,-88,-82,-54,-88,-69,-78,-68,-84,-78,-77,29
-77,-68,-90,-79,-81,-72,-65,-56,-86,-91,-85,-87,-86,-72,-68,-73,-86,-82,-67,-82,-86,-67,-84,-65,-48,-92,-66,-88,-88,-91,-88,-53,-85,-77,-77,-62,-80,-62,-79,29
-76,-80,-90,-85,-79,-82,-73,-69,-87,-87,-82,-89,-80,-79,-61,-68,-88,-79,-73,-84,-86,-72,-82,-59,-56,-88,-73,-88,-87,-87,-87,-56,-87,-66,-72,-69,-87,-61,-82,29
-82,-75,-87,-73,-82,-70,-82,-63,-88,-87,-84,-85,-85,-84,-72,-70,-89,-84,-65,-84,-90,-64,-83,-60,-45,-88,-67,-89,-87,-88,-87,-73,-87,-63,-79,-68,-82,-61,-81,29
-84,-74,-94,-71,-79,-71,-80,-64,-88,-93,-78,-86,-82,-77,-65,-69,-92,-82,-68,-84,-87,-73,-82,-59,-61,-88,-71,-88,-89,-88,-87,-52,-88,-65,-82,-75,-80,-75,-83,29
-76,-68,-88,-81,-80,-76,-69,-61,-90,-82,-78,-86,-84,-77,-64,-71,-90,-77,-67,-80,-87,-57,-79,-62,-64,-90,-66,-87,-87,-90,-86,-79,-89,-84,-68,-74,-80,-63,-84,29
-82,-75,-87,-73,-82,-70,-82,-63,-88,-87,-84,-85,-85,-84,-72,-70,-89,-84,-65,-84,-90,-64,-83,-60,-45,-88,-67,-89,-87,-88,-87,-73,-87,-63,-79,-68,-82,-61,-81,29
-81,-67,-86,-84,-79,-75,-69,-55,-89,-87,-83,-87,-79,-75,-70,-74,-88,-87,-71,-92,-84,-67,-86,-60,-57,-88,-66,-89,-91,-90,-92,-64,-90,-74,-74,-69,-81,-78,-79,29
-79,-82,-90,-85,-84,-65,-74,-41,-92,-87,-78,-86,-80,-81,-71,-71,-89,-86,-68,-79,-86,-81,-88,-67,-58,-91,-86,-90,-91,-88,-92,-63,-88,-77,-72,-71,-81,-83,-79,30
-86,-80,-91,-84,-78,-69,-77,-39,-91,-91,-83,-83,-76,-80,-69,-81,-92,-83,-65,-75,-80,-78,-77,-72,-52,-89,-69,-91,-89,-91,-89,-68,-91,-69,-71,-73,-78,-69,-79,30
-71,-79,-90,-80,-76,-67,-79,-62,-87,-89,-81,-82,-70,-83,-82,-77,-90,-87,-69,-78,-87,-72,-77,-64,-72,-89,-71,-90,-90,-91,-90,-67,-90,-74,-65,-69,-78,-68,-77,30
-80,-82,-90,-78,-80,-69,-77,-60,-87,-93,-80,-86,-75,-78,-74,-74,-92,-83,-78,-77,-86,-76,-87,-70,-69,-91,-69,-93,-95,-91,-93,-66,-91,-76,-71,-69,-83,-63,-76,30
-87,-83,-90,-85,-83,-63,-65,-39,-87,-89,-86,-85,-75,-74,-73,-66,-88,-84,-69,-78,-87,-64,-75,-64,-52,-89,-77,-90,-90,-90,-90,-69,-90,-73,-74,-66,-78,-85,-76,30
-79,-78,-88,-81,-90,-59,-69,-41,-91,-89,-79,-89,-72,-80,-84,-70,-88,-89,-72,-80,-87,-77,-86,-61,-59,-94,-73,-88,-89,-89,-92,-68,-90,-72,-74,-60,-81,-79,-85,30
-80,-82,-90,-78,-80,-69,-77,-60,-87,-93,-80,-86,-75,-78,-74,-74,-92,-83,-78,-77,-86,-76,-87,-70,-69,-91,-69,-93,-95,-91,-93,-66,-91,-76,-71,-69,-83,-63,-76,30
-75,-75,-91,-78,-78,-63,-64,-54,-90,-87,-83,-84,-73,-83,-73,-75,-89,-79,-76,-82,-83,-77,-81,-72,-67,-89,-66,-90,-91,-92,-91,-65,-90,-76,-80,-69,-88,-71,-77,30
-78,-72,-91,-78,-83,-67,-69,-46,-93,-89,-76,-88,-81,-72,-81,-78,-92,-83,-78,-80,-81,-66,-79,-59,-73,-92,-74,-87,-91,-90,-88,-74,-91,-77,-71,-69,-81,-74,-82,30
-79,-79,-92,-80,-74,-68,-78,-40,-90,-89,-79,-84,-79,-77,-75,-76,-91,-84,-69,-81,-89,-70,-82,-65,-59,-90,-71,-89,-94,-89,-89,-62,-89,-75,-64,-67,-76,-68,-79,30
-78,-81,-92,-81,-77,-72,-79,-71,-92,-91,-64,-84,-84,-85,-87,-51,-91,-76,-80,-80,-73,-79,-79,-66,-68,-89,-85,-90,-89,-89,-90,-73,-90,-83,-66,-49,-86,-57,-77,31
-78,-79,-87,-80,-77,-72,-82,-71,-87,-87,-68,-81,-80,-82,-76,-51,-87,-77,-75,-76,-71,-86,-83,-71,-72,-89,-75,-87,-88,-90,-91,-73,-91,-74,-71,-53,-83,-48,-79,31
-77,-76,-89,-78,-75,-71,-80,-72,0,0,-70,-86,-84,-81,-80,-54,0,-81,-79,-78,-70,-82,-81,-69,-73,0,-81,-88,0,-88,-88,-63,0,-79,-63,-59,-88,-47,-72,31
-84,-85,-92,-82,-83,-71,-77,-71,-92,-91,-72,-92,-77,-76,-81,-48,-92,-79,-72,-82,-69,-73,-82,-83,-73,-93,-79,-92,-92,-92,-92,-67,-94,-82,-72,-61,-85,-64,-78,31
-83,-76,-91,-80,-75,-62,-75,-68,-87,-88,-71,-90,-76,-85,-83,-62,-86,-77,-81,-77,-72,-72,-86,-73,-79,-85,-77,-87,-89,-88,-89,-66,-88,-74,-72,-59,-85,-62,-71,31
-78,-79,-87,-80,-77,-72,-82,-71,-87,-87,-68,-81,-80,-82,-76,-51,-87,-77,-75,-76,-71,-86,-83,-71,-72,-89,-75,-87,-88,-90,-91,-73,-91,-74,-71,-53,-83,-48,-79,31
-78,-79,-87,-80,-77,-72,-82,-71,-87,-87,-68,-81,-80,-82,-76,-51,-87,-77,-75,-76,-71,-86,-83,-71,-72,-89,-75,-87,-88,-90,-91,-73,-91,-74,-71,-53,-83,-48,-79,31
-84,-85,-92,-82,-83,-71,-77,-71,-92,-91,-72,-92,-77,-76,-81,-48,-92,-79,-72,-82,-69,-73,-82,-83,-73,-93,-79,-92,-92,-92,-92,-67,-94,-82,-72,-61,-85,-64,-78,31
-78,-73,-92,-80,-82,-68,-68,-71,-91,-93,-64,-90,-75,-80,-92,-52,-94,-85,-74,-86,-74,-78,-90,-81,-67,-90,-75,-92,-91,-92,-91,-72,-90,-76,-66,-47,-82,-53,-75,31
-81,-75,-91,-81,-76,-69,-85,-77,-90,-93,-69,-79,-82,-86,-79,-65,-89,-77,-72,-76,-69,-79,-80,-69,-71,-88,-77,-88,-90,-92,-87,-72,-89,-73,-67,-59,-82,-50,-77,31
-88,-85,-88,-84,-82,-67,-81,-65,-90,-89,-57,-88,-83,-82,-76,-57,-88,-81,-74,-88,-85,-79,-77,-71,-70,-87,-66,-84,-92,-92,-85,-81,-89,-85,-68,-63,-83,-56,-71,32
-83,-78,-93,-80,-79,-62,-75,-67,-89,-90,-66,-87,-82,-84,-86,-63,-91,-80,-75,-85,-74,-75,-89,-70,-85,-90,-75,-91,-89,-92,-90,-64,-90,-79,-79,-58,-87,-59,-70,32
-83,-74,-88,-84,-83,-80,-75,-67,-92,-92,-65,-85,-79,-84,-74,-58,-91,-83,-76,-84,-71,-74,-87,-76,-71,-93,-77,-92,-92,-94,-93,-80,-93,-78,-85,-60,-87,-65,-68,32
-87,-74,-91,-80,-79,-61,-75,-63,-91,-91,-59,-87,-80,-76,-85,-55,-91,-77,-80,-85,-78,-75,-78,-67,-77,-91,-72,-88,-89,-90,-90,-69,-92,-81,-68,-55,-80,-58,-69,32
-85,-75,-92,-84,-78,-69,-71,-76,-89,-88,-58,-81,-88,-79,-79,-61,-90,-78,-76,-86,-82,-81,-82,-69,-76,-89,-80,-88,-92,-89,-88,-63,-89,-83,-68,-67,-83,-64,-72,32
-87,-74,-91,-80,-79,-61,-75,-63,-91,-91,-59,-87,-80,-76,-85,-55,-91,-77,-80,-85,-78,-75,-78,-67,-77,-91,-72,-88,-89,-90,-90,-69,-92,-81,-68,-55,-80,-58,-69,32
-88,-85,-88,-84,-82,-67,-81,-65,-90,-89,-57,-88,-83,-82,-76,-57,-88,-81,-74,-88,-85,-79,-77,-71,-70,-87,-66,-84,-92,-92,-85,-81,-89,-85,-68,-63,-83,-56,-71,32
-80,-79,-89,-78,-87,-67,-80,-65,-90,-88,-62,-88,-79,-77,-83,-57,-89,-85,-87,-91,-79,-70,-76,-69,-70,-87,-68,-86,-85,-89,-88,-73,-89,-86,-73,-63,-87,-59,-71,32
-84,-79,-88,-77,-76,-70,-87,-76,-89,-89,-59,-85,-77,-74,-73,-51,-89,-84,-76,-85,-95,-79,-82,-71,-78,-93,-74,-90,-91,-88,-92,-68,-91,-78,-67,-65,-84,-48,-73,32
-88,-85,-88,-84,-82,-67,-81,-65,-90,-89,-57,-88,-83,-82,-76,-57,-88,-81,-74,-88,-85,-79,-77,-71,-70,-87,-66,-84,-92,-92,-85,-81,-89,-85,-68,-63,-83,-56,-71,32
-81,-76,-94,-83,-81,-67,-74,-69,-93,-95,-76,-94,-85,-84,-75,-62,-92,-80,-74,-84,-81,-77,-78,-72,-79,-93,-86,-96,-91,-90,-92,-70,-93,-77,-77,-71,-82,-52,-82,33
-86,-82,-98,-90,-80,-59,-77,-66,-90,-88,-81,-92,-77,-78,-82,-70,-89,-85,-85,-88,-84,-85,-82,-79,-69,-97,-75,-101,-90,-100,-92,-69,-93,-86,-75,-64,-87,-61,-80,33
-80,-75,-90,-86,-84,-73,-82,-67,-90,-91,-84,-85,-83,-82,-75,-64,-95,-80,-86,-87,-89,-75,-79,-68,-71,-94,-83,-91,-91,-90,-90,-63,-90,-73,-77,-72,-83,-48,-80,33
-83,-78,-93,-81,-80,-64,-74,-65,-89,-94,-82,-88,-83,-76,-85,-61,-92,-90,-83,-88,-80,-76,-84,-77,-80,-90,-80,-89,-91,-90,-89,-61,-90,-84,-84,-69,-85,-65,-83,33
-83,-83,-92,-86,-79,-65,-71,-62,-92,-94,-76,-82,-80,-81,-78,-67,-92,-76,-76,-85,-82,-78,-82,-70,-76,-92,-81,-92,-91,-92,-94,-60,-94,-80,-74,-70,-82,-58,-81,33
-77,-76,-93,-82,-76,-75,-81,-68,-93,-91,-78,-85,-76,-75,-74,-63,-95,-75,-74,-87,-85,-78,-89,-79,-67,-93,-83,-90,-89,-89,-90,-68,-91,-73,-80,-65,-84,-49,-77,33
-83,-83,-92,-86,-79,-65,-71,-62,-92,-94,-76,-82,-80,-81,-78,-67,-92,-76,-76,-85,-82,-78,-82,-70,-76,-92,-81,-92,-91,-92,-94,-60,-94,-80,-74,-70,-82,-58,-81,33
-88,-80,-92,-87,-79,-64,-85,-76,-91,-94,-79,-83,-78,-77,-78,-63,-91,-86,-81,-83,-81,-79,-86,-74,-77,-89,-72,-95,-92,-91,-92,-69,-92,-76,-76,-64,-84,-48,-82,33
-82,-75,-93,-91,-80,-61,-70,-77,-91,-91,-80,-90,-85,-79,-85,-63,-91,-77,-78,-89,-80,-77,-84,-76,-72,-89,-76,-91,-91,-92,-92,-60,-91,-74,-78,-68,-89,-57,-78,33
-80,-80,-90,-84,-81,-64,-86,-63,-100,-92,-80,-83,-81,-73,-76,-65,-94,-85,-79,-80,-81,-81,-89,-63,-69,-101,-76,-93,-101,-93,-92,-72,-93,-80,-75,-76,-86,-50,-82,33
-83,-79,-86,-86,-75,-58,-79,-62,-87,-87,-76,-90,-82,-73,-82,-66,-87,-80,-81,-92,-88,-80,-81,-67,-70,-86,-81,-90,-92,-91,-89,-82,-91,-78,-69,-85,-88,-71,-80,34
-82,-87,-93,-79,-82,-68,-76,-60,-92,-91,-81,-82,-85,-74,-63,-65,-92,-74,-82,-90,-82,-79,-80,-66,-74,-94,-75,-91,-91,-93,-95,-67,-90,-77,-70,-76,-87,-59,-85,34
-85,-84,-87,-84,-76,-61,-74,-55,-95,-92,-78,-82,-86,-74,-65,-66,-87,-84,-73,-89,-80,-72,-77,-74,-77,-93,-81,-91,-88,-87,-90,-82,-95,-77,-68,-78,-88,-77,-82,34
-84,-80,-87,-86,-77,-64,-84,-55,-89,-92,-79,-84,-82,-75,-70,-66,-87,-84,-77,-87,-83,-72,-91,-69,-71,-90,-83,-90,-90,-86,-89,-79,-87,-85,-70,-71,-84,-60,-79,34
-88,-79,-93,-79,-82,-61,-84,-67,-94,-91,-74,-83,-77,-73,-64,-69,-90,-88,-68,-82,-86,-67,-85,-64,-83,-93,-78,-97,-94,-91,-91,-69,-92,-84,-71,-72,-94,-57,-76,34
-79,-86,-86,-85,-84,-74,-89,-53,-88,-88,-79,-84,-82,-83,-72,-72,-87,-78,-76,-83,-80,-74,-80,-74,-75,-87,-81,-89,-87,-89,-86,-77,-88,-74,-72,-70,-90,-78,-83,34
-81,-83,-89,-88,-83,-58,-78,-54,-89,-92,-76,-89,-83,-75,-82,-70,-92,-81,-79,-91,-83,-72,-83,-76,-79,-90,-85,-88,-87,-92,-91,-77,-91,-78,-79,-79,-88,-60,-83,34
-80,-82,-97,-81,-75,-69,-79,-53,-99,-96,-84,-90,-74,-75,-80,-70,-95,-82,-85,-83,-82,-74,-80,-77,-75,-95,-83,-96,-91,-97,-91,-68,-97,-76,-70,-71,-91,-63,-76,34
-79,-85,-98,-87,-75,-77,-73,-55,-93,-92,-85,-87,-75,-83,-74,-76,-92,-80,-81,-88,-82,-83,-84,-86,-72,-90,-75,-88,-94,-87,-96,-62,-92,-80,-75,-76,-87,-75,-83,34
-91,-84,-93,-79,-78,-72,-70,-58,-94,-91,-77,-86,-84,-79,-74,-64,-90,-78,-84,-88,-81,-81,-86,-71,-77,-93,-79,-101,-100,-102,-91,-69,-92,-80,-74,-79,-89,-68,-79,34
-78,-82,-88,-83,-77,-63,-72,-55,-92,-92,-75,-83,-83,-74,-71,-69,-92,-80,-73,-79,-84,-68,-76,-78,-72,-89,-71,-90,-93,-89,-90,-68,-92,-81,-77,-81,-87,-71,-80,35
-78,-81,-96,-81,-70,-70,-76,-53,-94,-92,-82,-80,-64,-75,-71,-68,-95,-81,-69,-84,-77,-83,-87,-68,-70,-95,-81,-96,-89,-95,-93,-68,-96,-79,-81,-75,-89,-66,-82,35
-78,-81,-96,-81,-70,-70,-76,-53,-94,-92,-82,-80,-64,-75,-71,-68,-95,-81,-69,-84,-77,-83,-87,-68,-70,-95,-81,-96,-89,-95,-93,-68,-96,-79,-81,-75,-89,-66,-82,35
-72,-77,-88,-86,-73,-72,-79,-49,-97,-92,-83,-81,-66,-74,-79,-68,-98,-87,-72,-82,-84,-66,-80,-71,-73,-99,-85,-93,-95,-91,-93,-68,-95,-83,-74,-74,-91,-73,-81,35
-68,-82,-94,-85,-75,-64,-72,-54,-90,-89,-80,-81,-66,-78,-75,-75,-89,-83,-81,-86,-75,-79,-77,-63,-73,-90,-87,-88,-88,-88,-88,-66,-89,-76,-75,-76,-93,-74,-82,35
-65,-85,-94,-80,-74,-72,-80,-52,-90,-97,-78,-80,-72,-77,-75,-68,-89,-79,-72,-79,-89,-83,-75,-67,-72,-90,-80,-88,-88,-88,-91,-74,-89,-78,-79,-73,-87,-69,-82,35
-71,-82,-91,-79,-71,-69,-80,-53,-91,-93,-75,-80,-77,-83,-73,-67,-98,-78,-71,-79,-79,-83,-76,-67,-70,-92,-80,-92,-93,-91,-95,-69,-93,-73,-78,-80,-88,-68,-82,35
-70,-80,-91,-85,-70,-62,-76,-50,-97,-92,-83,-80,-74,-68,-77,-76,-98,-78,-71,-82,-78,-69,-83,-80,-69,-99,-76,-93,-95,-90,-92,-67,-92,-84,-80,-80,-87,-68,-82,35
-72,-80,-93,-79,-70,-75,-80,-52,-93,-99,-81,-82,-73,-73,-83,-69,-98,-80,-70,-77,-87,-83,-82,-79,-74,-98,-78,-96,-96,-91,-98,-78,-97,-83,-79,-79,-85,-73,-85,35
-78,-82,-88,-83,-77,-63,-72,-55,-92,-92,-75,-83,-83,-74,-71,-69,-92,-80,-73,-79,-84,-68,-76,-78,-72,-89,-71,-90,-93,-89,-90,-68,-92,-81,-77,-81,-87,-71,-80,35
-81,-79,-93,-91,-76,-58,-73,-70,-93,-98,-70,-78,-83,-73,-82,-49,-97,-84,-74,-88,-77,-68,-81,-76,-72,-94,-75,-92,-93,-93,-91,-76,-91,-81,-63,-78,-92,-55,-67,36
-84,-85,-92,-89,-77,-56,-71,-69,-90,-90,-72,-78,-82,-87,-90,-64,-93,-73,-84,-80,-66,-70,-74,-82,-80,-93,-76,-89,-93,-92,-90,-73,-92,-75,-63,-75,-91,-70,-80,36
-85,-80,-93,-82,-69,-61,-82,-71,-91,-98,-67,-77,-83,-76,-77,-59,-89,-72,-80,-81,-78,-73,-79,-72,-71,-95,-84,-96,-96,-97,-99,-75,-97,-75,-65,-78,-86,-58,-73,36
-81,-85,-92,-88,-69,-76,-81,-68,-91,-93,-66,-76,-82,-85,-88,-65,-92,-71,-75,-86,-77,-71,-86,-82,-79,-93,-75,-95,-92,-93,-93,-69,-93,-82,-67,-62,-88,-57,-77,36
-84,-85,-92,-89,-77,-56,-71,-69,-90,-90,-72,-78,-82,-87,-90,-64,-93,-73,-84,-80,-66,-70,-74,-82,-80,-93,-76,-89,-93,-92,-90,-73,-92,-75,-63,-75,-91,-70,-80,36
-81,-79,-93,-91,-76,-58,-73,-70,-93,-98,-70,-78,-83,-73,-82,-49,-97,-84,-74,-88,-77,-68,-81,-76,-72,-94,-75,-92,-93,-93,-91,-76,-91,-81,-63,-78,-92,-55,-67,36
-82,-81,-92,-80,-75,-69,-82,-77,-94,-92,-73,-76,-77,-79,-86,-51,-94,-70,-76,-77,-67,-77,-75,-67,-73,-93,-78,-94,-95,-93,-95,-66,-95,-75,-59,-63,-87,-67,-71,36
-87,-87,-91,-82,-72,-79,-78,-79,-90,-90,-70,-75,-85,-79,-83,-57,-91,-73,-81,-81,-83,-70,-74,-81,-81,-90,-76,-91,-89,-94,-92,-68,-93,-73,-64,-70,-88,-57,-72,36
-87,-86,-92,-87,-83,-76,-72,-79,-90,-92,-75,-79,-83,-73,-90,-64,-92,-73,-85,-84,-69,-69,-84,-73,-70,-90,-79,-95,-92,-90,-89,-76,-89,-84,-65,-73,-90,-71,-82,36
-85,-80,-93,-82,-69,-61,-82,-71,-91,-98,-67,-77,-83,-76,-77,-59,-89,-72,-80,-81,-78,-73,-79,-72,-71,-95,-84,-96,-96,-97,-99,-75,-97,-75,-65,-78,-86,-58,-73,36
-85,-79,-97,-86,-74,-64,-77,-71,-92,-92,-69,-84,-75,-81,-71,-69,-92,-72,-81,-75,-73,-76,-83,-74,-76,-92,-84,-90,-91,-89,-88,-69,-93,-80,-65,-59,-84,-61,-68,37
-89,-81,-93,-87,-71,-67,-76,-73,-97,-98,-70,-89,-78,-71,-73,-62,-93,-85,-79,-74,-72,-80,-81,-82,-77,-98,-88,-89,-100,-90,-90,-66,-98,-84,-78,-70,-90,-55,-67,37
-85,-76,-97,-82,-73,-66,-82,-73,-100,-99,-71,-83,-80,-71,-80,-50,-99,-88,-85,-84,-75,-78,-79,-77,-76,-98,-80,-99,-97,-95,-98,-81,-97,-82,-68,-61,-95,-75,-81,37
-84,-79,-97,-85,-75,-66,-81,-72,-100,-98,-78,-80,-84,-84,-83,-61,-99,-82,-73,-75,-75,-78,-79,-84,-82,-102,-86,-98,-97,-95,-98,-72,-97,-82,-70,-66,-88,-67,-77,37
-86,-77,-97,-81,-76,-65,-75,-71,-100,-99,-71,-80,-84,-85,-75,-58,-99,-76,-77,-74,-82,-77,-80,-75,-78,-98,-90,-99,-97,-95,-98,-77,-97,-81,-70,-57,-95,-76,-84,37
-82,-84,-94,-91,-77,-62,-78,-77,-97,-100,-77,-87,-78,-72,-83,-61,-94,-84,-84,-90,-73,-81,-80,-73,-80,-98,-86,-95,-98,-96,-99,-66,-97,-81,-63,-59,-87,-53,-77,37
-89,-75,-99,-86,-82,-65,-84,-71,-99,-97,-78,-81,-85,-84,-73,-69,-99,-84,-77,-74,-72,-76,-78,-79,-75,-97,-83,-94,-97,-96,-95,-69,-93,-79,-71,-58,-90,-63,-75,37
-84,-79,-90,-88,-75,-56,-78,-72,-94,-92,-76,-90,-87,-71,-84,-55,-90,-78,-76,-73,-72,-80,-81,-83,-76,-91,-75,-90,-88,-92,-99,-82,-91,-86,-67,-59,-90,-63,-69,37
-88,-78,-99,-82,-85,-52,-79,-72,-97,-98,-77,-82,-80,-74,-82,-59,-97,-85,-85,-90,-72,-77,-78,-75,-73,-102,-87,-98,-97,-95,-95,-75,-97,-84,-65,-60,-90,-74,-77,37
-84,-79,-90,-88,-75,-56,-78,-72,-94,-92,-76,-90,-87,-71,-84,-55,-90,-78,-76,-73,-72,-80,-81,-83,-76,-91,-75,-90,-88,-92,-99,-82,-91,-86,-67,-59,-90,-63,-69,37
-81,-77,-98,-82,-73,-55,-86,-67,-99,-97,-65,-85,-87,-84,-76,-56,-95,-73,-86,-81,-85,-85,-85,-74,-76,-100,-86,-101,-98,-95,-101,-72,-98,-78,-61,-83,-90,-68,-78,38
-87,-92,-100,-89,-69,-43,-82,-71,-98,-96,-66,-85,-75,-77,-80,-61,-100,-77,-82,-89,-77,-85,-81,-75,-86,-99,-81,-101,-97,-96,-96,-81,-98,-85,-64,-82,-94,-71,-70,38
-79,-86,-97,-82,-77,-52,-90,-75,-97,-98,-65,-91,-81,-82,-73,-67,-99,-76,-83,-85,-76,-87,-87,-74,-77,-99,-82,-100,-99,-98,-98,-80,-99,-77,-69,-82,-95,-64,-81,38
-82,-77,-88,-85,-77,-44,-81,-70,-90,-90,-64,-80,-72,-69,-85,-58,-90,-74,-73,-85,-75,-81,-82,-75,-85,-90,-77,-90,-90,-90,-91,-72,-92,-86,-73,-79,-103,-68,-78,38
-81,-77,-98,-82,-73,-55,-86,-67,-99,-97,-65,-85,-87,-84,-76,-56,-95,-73,-86,-81,-85,-85,-85,-74,-76,-100,-86,-101,-98,-95,-101,-72,-98,-78,-61,-83,-90,-68,-78,38
-79,-86,-97,-82,-77,-52,-90,-75,-97,-98,-65,-91,-81,-82,-73,-67,-99,-76,-83,-85,-76,-87,-87,-74,-77,-99,-82,-100,-99,-98,-98,-80,-99,-77,-69,-82,-95,-64,-81,38
-80,-88,-90,-89,-75,-44,-81,-72,-90,-90,-74,-85,-75,-77,-71,-58,-92,-79,-73,-77,-79,-77,-77,-75,-83,-92,-85,-92,-96,-90,-91,-70,-91,-77,-75,-74,-88,-70,-74,38
-87,-92,-100,-89,-69,-43,-82,-71,-98,-96,-66,-85,-75,-77,-80,-61,-100,-77,-82,-89,-77,-85,-81,-75,-86,-99,-81,-101,-97,-96,-96,-81,-98,-85,-64,-82,-94,-71,-70,38
-80,-77,-96,-86,-81,-52,-85,-68,-91,-91,-70,-82,-78,-77,-73,-59,-95,-76,-84,-86,-78,-85,-83,-71,-80,-92,-79,-94,-93,-95,-93,-74,-94,-87,-66,-76,-94,-70,-73,38
-84,-83,-96,-83,-81,-59,-76,-67,-91,-91,-71,-81,-85,-78,-80,-60,-95,-87,-84,-82,-76,-81,-78,-76,-77,-92,-88,-94,-93,-95,-93,-77,-97,-83,-75,-78,-94,-76,-75,38
-85,-82,-95,-79,-75,-45,-79,-60,-92,-92,-85,-80,-79,-71,-73,-74,-94,-81,-81,-85,-82,-74,-78,-68,-82,0,-80,0,0,0,0,-68,0,-76,-75,-74,-86,-73,-79,39
-85,-82,-95,-79,-75,-45,-79,-60,-92,-92,-85,-80,-79,-71,-73,-74,-94,-81,-81,-85,-82,-74,-78,-68,-82,0,-80,0,0,0,0,-68,0,-76,-75,-74,-86,-73,-79,39
-75,-86,-95,-86,-86,-45,-82,-63,-96,-97,-81,-85,-73,-69,-73,-83,-98,-79,-81,-77,-80,-79,-76,-72,-77,-100,-79,-98,-95,-98,-97,-76,-96,-82,-69,-76,-93,-71,-83,39
-85,-85,-98,-88,-87,-46,-78,-65,-99,-97,-80,-86,-84,-79,-75,-77,-99,-85,-82,-85,-86,-71,-77,-78,-76,-98,-80,-98,-95,-98,-97,-77,-96,-84,-71,-76,-92,-74,-82,39
-80,-89,-98,-92,-74,-40,-84,-62,-97,-100,-84,-85,-74,-82,-73,-70,-98,-88,-75,-88,-83,-82,-76,-78,-81,-95,-81,-100,-99,-99,-97,-69,-99,-82,-79,-80,-92,-75,-80,39
-85,-86,-99,-83,-84,-47,-74,-62,-97,-98,-76,-85,-70,-82,-82,-67,-93,-86,-84,-86,-82,-88,-76,-71,-83,-95,-85,-91,-98,-91,-91,-74,-92,-81,-74,-78,-98,-74,-88,39
-89,-83,-99,-86,-77,-53,-82,-67,-97,-94,-83,-86,-68,-70,-78,-73,-98,-87,-88,-85,-80,-81,-84,-76,-75,-97,-79,-100,-99,-101,-101,-78,-94,-80,-70,-81,-92,-79,-83,39
-78,-85,-95,-88,-84,-52,-72,-61,-96,-97,-83,-85,-70,-70,-73,-73,-98,-88,-88,-86,-82,-73,-76,-68,-84,-98,-79,-98,-95,-98,-97,-77,-96,-80,-72,-84,-92,-75,-87,39
-79,-84,-99,-88,-77,-51,-71,-70,-97,-98,-84,-83,-81,-71,-75,-70,-96,-80,-87,-84,-81,-74,-82,-70,-75,-95,-82,-93,-98,-97,-95,-68,-98,-86,-75,-75,-94,-71,-78,39
-82,-88,-97,-88,-83,-50,-85,-65,-97,-98,-83,-86,-82,-82,-71,-82,-98,-88,-82,-82,-81,-81,-83,-76,-74,-98,-80,-94,-96,-98,-97,-77,-96,-80,-70,-75,-88,-82,-88,39
-83,-85,-99,-92,-72,-61,-83,-64,-91,-93,-80,-84,-71,-67,-72,-67,-98,-74,-85,-78,-74,-71,-75,-68,-74,-95,-76,-95,-96,-95,-97,-71,-91,-76,-79,-80,-83,-73,-77,40
-68,-84,-97,-79,-73,-66,-80,-63,-97,-92,-77,-77,-65,-75,-72,-68,-91,-80,-74,-73,-84,-71,-82,-71,-87,-97,-83,-92,-92,-94,-96,-73,-93,-80,-78,-82,-85,-69,-78,40
-68,-84,-97,-79,-73,-66,-80,-63,-97,-92,-77,-77,-65,-75,-72,-68,-91,-80,-74,-73,-84,-71,-82,-71,-87,-97,-83,-92,-92,-94,-96,-73,-93,-80,-78,-82,-85,-69,-78,40
-70,-84,-97,-85,-73,-71,-82,-63,-97,-92,-83,-77,-72,-77,-79,-66,-91,-77,-76,-75,-75,-79,-80,-62,-77,-97,-76,-96,-91,-93,-96,-69,-93,-72,-75,-78,-95,-77,-74,40
-77,-81,-90,-82,-76,-65,-70,-57,-89,-94,-77,-82,-69,-74,-63,-74,-91,-73,-79,-75,-84,-75,-77,-68,-72,-107,-89,-93,-98,-101,-95,-65,-99,-73,-71,-76,-90,-67,-75,40
-85,-84,-90,-82,-72,-62,-67,-54,-97,-93,-82,-78,-76,-75,-64,-64,-94,-70,-77,-75,-86,-79,-85,-74,-79,-92,-82,-96,-92,-93,-96,-73,-93,-77,-77,-81,-95,-80,-81,40
-83,-85,-99,-92,-72,-61,-83,-64,-91,-93,-80,-84,-71,-67,-72,-67,-98,-74,-85,-78,-74,-71,-75,-68,-74,-95,-76,-95,-96,-95,-97,-71,-91,-76,-79,-80,-83,-73,-77,40
-74,-79,-97,-85,-78,-61,-77,-54,-97,-92,-85,-80,-72,-63,-73,-65,-91,-76,-74,-84,-77,-74,-82,-75,-70,-97,-82,-94,-92,-94,-96,-71,-93,-83,-70,-74,-94,-68,-77,40
-68,-84,-97,-79,-73,-66,-80,-63,-97,-92,-77,-77,-65,-75,-72,-68,-91,-80,-74,-73,-84,-71,-82,-71,-87,-97,-83,-92,-92,-94,-96,-73,-93,-80,-78,-82,-85,-69,-78,40
-70,-84,-97,-85,-73,-71,-82,-63,-97,-92,-83,-77,-72,-77,-79,-66,-91,-77,-76,-75,-75,-79,-80,-62,-77,-97,-76,-96,-91,-93,-96,-69,-93,-72,-75,-78,-95,-77,-74,40
-85,-90,-101,-84,-76,-62,-84,-65,-89,-89,-84,-82,-70,-69,-60,-68,-101,-78,-83,-86,-81,-77,-81,-78,-82,-88,-78,-91,-89,-90,-101,-82,-99,-83,-79,-76,-94,-69,-77,41
-85,-90,-90,-83,-74,-59,-86,-62,-97,-99,-88,-83,-72,-82,-69,-67,-97,-89,-81,-82,-87,-83,-84,-75,-79,-98,-83,-90,-95,-90,-90,-67,-92,-82,-64,-80,-89,-72,-84,41
-82,-85,-89,-90,-70,-64,-82,-60,-92,-90,-84,-82,-71,-74,-64,-62,-89,-81,-74,-87,-86,-77,-81,-68,-75,-90,-80,-99,-96,-89,-91,-86,-91,-85,-76,-77,-94,-74,-80,41
-90,-92,-90,-83,-71,-64,-83,-72,-92,-91,-77,-85,-74,-64,-67,-65,-89,-80,-87,-85,-82,-79,-75,-71,-81,-90,-80,-98,-96,-95,-96,-69,-94,-86,-68,-83,-99,-68,-80,41
-80,-80,-89,-89,-75,-83,-81,-53,-88,-91,-84,-84,-79,-64,-63,-70,-89,-84,-84,-82,-86,-81,-77,-73,-76,-92,-84,-89,-87,-87,-93,-73,-88,-89,-80,-83,-100,-62,-82,41
-79,-82,-89,-84,-72,-67,-84,-59,-94,-93,-84,-83,-69,-63,-60,-62,-89,-78,-88,-83,-80,-79,-68,-67,-81,-96,-87,-99,-96,-92,-96,-69,-95,-88,-71,-88,-93,-69,-79,41
-78,-86,-96,-84,-73,-69,-81,-56,-92,-91,-82,-83,-79,-74,-65,-65,-90,-81,-86,-79,-82,-81,-76,-75,-80,-89,-81,-94,-93,-92,-95,-68,-95,-82,-85,-82,-97,-75,-77,41
-79,-92,-99,-84,-71,-60,-86,-61,-97,-98,-86,-82,-71,-69,-46,-63,-99,-74,-80,-79,-82,-75,-80,-72,-76,-94,-83,-91,-94,-87,-100,-83,-92,-82,-66,-79,-89,-74,-82,41
-86,-87,-89,-84,-77,-55,-83,-62,-94,-93,-86,-82,-69,-61,-61,-65,-89,-78,-86,-88,-87,-91,-85,-77,-75,-98,-81,-99,-96,-90,-91,-79,-91,-86,-69,-73,-94,-69,-78,41
-77,-81,-88,-91,-74,-61,-79,-62,-86,-90,-81,-86,-76,-79,-59,-75,-86,-80,-82,-82,-89,-85,-70,-71,-85,-87,-85,-87,-86,-87,-87,-68,-88,-79,-68,-84,-87,-73,-83,41
-85,-94,0,-90,-79,-81,-95,-85,0,0,-39,-74,-78,-64,-82,-65,0,-87,-81,-78,-65,-82,-73,-79,-77,0,-86,0,0,0,0,-80,0,-86,-64,-73,-88,-80,-71,42
-83,-95,0,-86,-72,-70,-81,-80,0,0,-46,-80,-83,-85,-89,-66,0,-74,-89,-84,-70,-77,-77,-83,-76,0,-92,0,0,0,0,-79,0,-85,-69,-80,-88,-78,-58,42
-85,-86,0,-86,-71,-76,-84,-80,0,0,-43,-84,-74,-87,-82,-59,0,-76,-82,-79,-76,-80,-72,-82,-80,0,-84,0,0,0,0,-84,0,-83,-66,-75,-93,-78,-60,42
-88,-92,0,-88,-80,-84,-94,-82,0,0,-39,-77,-78,-82,-77,-61,0,-78,-89,-84,-74,-89,-72,-80,-79,0,-86,0,0,0,0,-80,0,-83,-63,-65,-88,-75,-61,42
-84,-86,0,-90,-65,-77,-81,-80,0,0,-40,-80,-79,-76,-74,-63,0,-78,-81,-83,-79,-86,-85,-84,-81,0,-90,0,0,0,0,-82,0,-82,-52,-73,-91,-71,-60,42
-87,-85,0,-89,-76,-72,-84,-81,0,0,-45,-90,-77,-84,-81,-65,0,-88,-89,-89,-69,-82,-73,-74,-81,0,-92,0,0,0,0,-92,0,-94,-63,-82,-91,-71,-69,42
-88,-92,0,-88,-80,-84,-94,-82,0,0,-39,-77,-78,-82,-77,-61,0,-78,-89,-84,-74,-89,-72,-80,-79,0,-86,0,0,0,0,-80,0,-83,-63,-65,-88,-75,-61,42
-87,-85,0,-89,-76,-72,-84,-81,0,0,-45,-90,-77,-84,-81,-65,0,-88,-89,-89,-69,-82,-73,-74,-81,0,-92,0,0,0,0,-92,0,-94,-63,-82,-91,-71,-69,42
-86,-92,0,-89,-68,-89,-84,-81,-100,0,-40,-82,-76,-83,-79,-58,0,-84,-92,-83,-63,-81,-74,-80,-79,-99,-85,0,0,-98,-101,-77,-100,-84,-62,-66,-91,-81,-68,42
-88,-88,0,-89,-69,-86,-90,-79,-100,0,-49,-81,-76,-67,-74,-59,0,-76,-92,-84,-66,-81,-75,-78,-74,-99,-86,0,0,-98,-101,-81,-100,-89,-61,-67,-96,-73,-65,42
-85,-86,0,-85,-71,-71,-82,-76,-99,-97,-48,-82,-80,-81,-73,-57,-97,-73,-78,-76,-72,-76,-70,-82,-75,0,-85,-96,0,0,0,-77,-99,-77,-63,-73,-87,-77,-64,43
-86,-81,0,-86,-76,-72,-83,-83,-99,-97,-49,-83,-82,-67,-90,-55,-97,-72,-83,-83,-65,-74,-73,-82,-88,0,-82,-96,0,0,0,-87,-99,-78,-62,-80,-92,-66,-71,43
-82,-83,-99,-85,-76,-71,-80,-79,0,0,-48,-82,-87,-82,-88,-41,0,-77,-83,-75,-69,-72,-79,-81,-87,0,-79,0,-97,-97,0,-72,-98,-80,-59,-76,-85,-74,-62,43
-86,-81,0,-86,-76,-72,-83,-83,-99,-97,-49,-83,-82,-67,-90,-55,-97,-72,-83,-83,-65,-74,-73,-82,-88,0,-82,-96,0,0,0,-87,-99,-78,-62,-80,-92,-66,-71,43
-80,-82,-99,-86,-69,-77,-86,-80,0,0,-50,-79,-79,-72,-77,-64,0,-75,-84,-77,-68,-70,-70,-82,-83,0,-76,0,-97,-97,0,-81,-98,-77,-57,-75,-92,-76,-64,43
-80,-82,-99,-86,-69,-77,-86,-80,0,0,-50,-79,-79,-72,-77,-64,0,-75,-84,-77,-68,-70,-70,-82,-83,0,-76,0,-97,-97,0,-81,-98,-77,-57,-75,-92,-76,-64,43
-83,-83,0,-88,-70,-72,-83,-79,-99,-97,-45,-80,-76,-80,-82,-56,-97,-79,-81,-73,-66,-83,-89,-82,-76,0,-82,-96,0,0,0,-83,-99,-78,-52,-60,-86,-69,-67,43
-85,-83,-99,-89,-72,-79,-77,-82,0,0,-43,-76,-78,-78,-74,-64,0,-82,-79,-81,-78,-82,-75,-84,-87,0,-82,-99,-97,-97,0,-76,-98,-79,-55,-69,-91,-65,-71,43
-82,-83,-99,-85,-76,-71,-80,-79,0,0,-48,-82,-87,-82,-88,-41,0,-77,-83,-75,-69,-72,-79,-81,-87,0,-79,0,-97,-97,0,-72,-98,-80,-59,-76,-85,-74,-62,43
-80,-82,-99,-86,-69,-77,-86,-80,0,0,-50,-79,-79,-72,-77,-64,0,-75,-84,-77,-68,-70,-70,-82,-83,0,-76,0,-97,-97,0,-81,-98,-77,-57,-75,-92,-76,-64,43
-87,-79,-95,-88,-79,-77,-82,-75,-98,-99,-47,-81,-72,-57,-81,-56,-93,-70,-85,-76,-67,-80,-74,-84,-80,-93,-80,-100,-97,-94,-100,-77,-94,-78,-60,-84,-84,-75,-54,44
-79,-74,-101,-84,-76,-82,-84,-78,-94,-96,-59,-74,-71,-86,-77,-61,-100,-73,-90,-75,-71,-80,-87,-82,-76,-99,-80,-98,-95,-97,-98,-84,-97,-78,-56,-63,-84,-64,-60,44
-80,-78,-99,-89,-68,-69,-90,-70,-100,-100,-55,-81,-79,-63,-77,-62,-101,-81,-77,-87,-65,-82,-83,-80,-86,-98,-78,-99,-101,-100,-100,-79,-99,-80,-56,-77,-90,-66,-56,44
-80,-78,-99,-89,-68,-69,-90,-70,-100,-100,-55,-81,-79,-63,-77,-62,-101,-81,-77,-87,-65,-82,-83,-80,-86,-98,-78,-99,-101,-100,-100,-79,-99,-80,-56,-77,-90,-66,-56,44
-82,-86,-99,-92,-71,-61,-86,-80,-100,-99,-53,-80,-74,-76,-87,-62,-99,-67,-79,-86,-70,-82,-69,-85,-85,-98,-86,-98,-97,-101,-102,-79,-98,-80,-63,-80,-90,-76,-54,44
-87,-86,-97,-92,-70,-68,-79,-80,-98,-98,-56,-82,-80,-59,-75,-69,-98,-85,-81,-92,-75,-77,-87,-82,-79,-99,-86,-97,-99,-98,-100,-81,-102,-80,-64,-67,-83,-76,-53,44
-81,-87,-97,-85,-76,-76,-89,-73,-97,-98,-51,-77,-74,-82,-78,-61,-98,-69,-77,-76,-67,-90,-70,-85,-75,-97,-81,-99,-97,-96,-98,-76,-101,-86,-58,-72,-91,-63,-60,44
-81,-77,-97,-94,-72,-78,-81,-74,-97,-96,-61,-76,-71,-58,-79,-58,-96,-76,-87,-83,-64,-79,-69,-78,-81,-95,-77,-97,-96,-92,-94,-89,-92,-81,-63,-78,-89,-68,-59,44
-83,-80,-99,-89,-70,-65,-86,-83,-100,-100,-63,-79,-77,-61,-78,-63,-101,-65,-87,-82,-67,-85,-77,-82,-87,-102,-78,-97,-97,-100,-100,-70,-98,-83,-58,-76,-86,-65,-60,44
-87,-86,-97,-92,-70,-68,-79,-80,-98,-98,-56,-82,-80,-59,-75,-69,-98,-85,-81,-92,-75,-77,-87,-82,-79,-99,-86,-97,-99,-98,-100,-81,-102,-80,-64,-67,-83,-76,-53,44
-84,-80,0,-80,-70,-68,-74,-78,0,0,-71,-83,-79,-66,-83,-58,0,-71,-86,-82,-73,-81,-82,-80,-78,0,-78,0,0,0,0,-82,-97,-78,-55,-78,-91,-63,-63,45
-81,-92,-101,-88,-80,-69,-75,-78,-99,-98,-63,-90,-77,-73,-79,-65,-98,-73,-86,-84,-80,-78,-85,-83,-84,-98,-79,-99,-98,-98,-100,-81,-97,-82,-53,-80,-90,-66,-66,45
-76,-83,-98,-91,-72,-75,-77,-72,-98,-103,-62,-87,-79,-61,-90,-58,-98,-69,-74,-72,-82,-77,-82,-84,-78,-100,-79,-99,-98,-98,-101,-74,-97,-83,-64,-80,-89,-67,-69,45
-89,-80,-98,-92,-66,-74,-80,-72,-98,-103,-77,-79,-75,-66,-78,-68,-98,-71,-77,-77,-82,-91,-72,-85,-79,-100,-80,-99,-98,-98,-101,-85,-97,-84,-60,-69,-88,-76,-65,45
-74,-79,-98,-87,-75,-70,-74,-66,-98,0,-68,-82,-79,-71,-76,-69,0,-70,-77,-69,-85,-78,-79,-75,-78,-100,-80,-99,0,0,-101,-73,-96,-82,-72,-81,-91,-67,-73,45
-82,-80,-97,-86,-64,-73,-89,-77,-96,-98,-69,-80,-78,-72,-79,-60,-98,-83,-76,-71,-78,-86,-85,-83,-80,-100,-82,-97,-97,-95,-96,-78,-92,-83,-54,-74,-100,-62,-77,45
-74,-79,-98,-85,-80,-68,-75,-75,-99,-103,-76,-78,-77,-66,-83,-76,-98,-72,-90,-85,-76,-76,-70,-81,-78,-96,-82,-99,-98,-98,-100,-85,-97,-85,-62,-81,-92,-65,-65,45
-88,-72,-100,-89,-66,-76,-78,-77,0,-97,-63,-77,-71,-64,-82,-66,0,-82,-86,-84,-72,-79,-79,-74,-78,-95,-84,-96,-99,-99,-97,-83,-96,-78,-63,-76,-89,-66,-74,45
-82,-80,-97,-86,-64,-73,-89,-77,-96,-98,-69,-80,-78,-72,-79,-60,-98,-83,-76,-71,-78,-86,-85,-83,-80,-100,-82,-97,-97,-95,-96,-78,-92,-83,-54,-74,-100,-62,-77,45
-75,-82,-93,-85,-65,-77,-80,-72,-102,-98,-59,-84,-81,-65,-87,-62,-97,-83,-87,-74,-71,-82,-81,-76,-81,-102,-89,-98,-96,-96,-98,-79,-96,-84,-68,-76,-94,-66,-67,45
-79,-85,0,-90,-86,-73,-85,-75,-98,-97,-70,-83,-75,-68,-79,-79,-99,-82,-80,-73,-69,-80,-82,-75,-77,-97,-86,-100,-98,-97,-99,-80,-100,-86,-76,-79,-86,-77,-72,46
-79,-81,0,-89,-71,-75,-81,-68,0,0,-67,-75,-65,-51,-72,-71,-102,-70,-81,-81,-72,-79,-86,-70,-83,0,-85,0,0,0,0,-72,-97,-84,-63,-77,-96,-67,-69,46
-83,-82,0,-88,-72,-74,-86,-75,0,0,-66,-85,-72,-51,-86,-71,-102,-70,-84,-82,-73,-80,-70,-82,-83,0,-80,0,0,0,0,-79,-97,-78,-64,-79,-91,-69,-76,46
-76,-81,0,-90,-74,-77,-81,-68,0,0,-79,-77,-76,-63,-74,-77,-102,-73,-80,-78,-71,-76,-68,-73,-85,0,-80,0,0,0,0,-73,-97,-77,-72,-78,-90,-75,-69,46
-77,-90,-99,-87,-69,-73,-82,-74,-98,-97,-69,-81,-73,-65,-82,-77,-99,-86,-79,-82,-71,-79,-77,-84,-85,-97,-82,-100,-98,-99,-99,-78,-99,-82,-65,-70,-93,-70,-71,46
-83,-91,0,-91,-70,-78,-81,-76,-98,-97,-68,-79,-76,-64,-85,-69,-97,-78,-80,-76,-76,-78,-76,-68,-78,-97,-87,0,-98,-100,-98,-73,-100,-83,-73,-81,-94,-79,-67,46
-86,-93,-99,-90,-75,-79,-86,-81,0,-98,-73,-80,-73,-67,-80,-69,-99,-79,-81,-72,-70,-80,-82,-81,-77,-97,-85,-100,-98,-99,-99,-80,-99,-83,-72,-79,-90,-76,-79,46
-82,-85,0,-88,-79,-74,-82,-82,-98,-97,-76,-84,-65,-58,-72,-71,-99,-85,-78,-87,-71,-78,-79,-82,-76,-97,-82,-100,-98,-97,-99,-76,-100,-82,-70,-79,-86,-63,-74,46
-82,-85,0,-88,-79,-74,-82,-82,-98,-97,-76,-84,-65,-58,-72,-71,-99,-85,-78,-87,-71,-78,-79,-82,-76,-97,-82,-100,-98,-97,-99,-76,-100,-82,-70,-79,-86,-63,-74,46
-80,-89,-99,-85,-69,-73,-88,-81,0,-98,-67,-79,-73,-70,-72,-75,-99,-86,-81,-77,-80,-80,-73,-81,-75,-97,-81,-100,0,-99,-99,-79,-99,-82,-76,-72,-90,-78,-70,46
-75,-87,-98,-85,-77,-72,-83,-55,-99,-99,-78,-77,-65,-44,-84,-79,-98,-82,-89,-84,-81,-69,-79,-71,-85,-97,-81,-98,-98,-97,-94,-74,-98,-84,-75,-73,-93,-75,-81,47
-79,-93,-98,-92,-79,-74,-94,-65,-100,-98,-67,-78,-68,-49,-67,-79,-99,-77,-82,-80,-78,-76,-77,-78,-80,-96,-81,-100,-100,-99,-99,-73,-101,-82,-64,-82,-95,-75,-76,47
-77,-90,-97,-92,-74,-74,-85,-72,-95,-98,-81,-78,-68,-49,-68,-81,-99,-86,-87,-83,-84,-76,-68,-82,-82,-99,-85,-98,-98,-102,-97,-76,-101,-83,-68,-84,-95,-84,-82,47
-85,-88,-99,-86,-75,-79,-83,-57,-99,-99,-77,-84,-66,-58,-68,-80,-97,-78,-84,-88,-81,-72,-77,-77,-83,-97,-83,-98,-100,-98,-99,-76,-99,-81,-59,-84,-98,-67,-78,47
-75,-93,-98,-87,-71,-77,-81,-61,-100,-98,-71,-77,-78,-38,-82,-72,-99,-78,-87,-82,-76,-70,-68,-71,-84,-96,-80,-95,-100,-92,-94,-75,-93,-77,-73,-78,-95,-78,-80,47
-80,-97,-95,-83,-76,-72,-76,-66,-97,0,-74,-84,-71,-64,-73,-77,-99,-83,-89,-78,-76,-73,-68,-71,-84,-98,-91,-100,-100,-101,-100,-76,-97,-77,-66,-77,-90,-64,-79,47
-75,-86,-97,-93,-74,-70,-81,-64,-95,-98,-71,-82,-58,-42,-77,-76,-99,-84,-83,-80,-80,-78,-72,-77,-86,-99,-84,-98,-98,-102,-97,-75,-101,-85,-72,-80,-91,-79,-80,47
-75,-87,-98,-85,-77,-72,-83,-55,-99,-99,-78,-77,-65,-44,-84,-79,-98,-82,-89,-84,-81,-69,-79,-71,-85,-97,-81,-98,-98,-97,-94,-74,-98,-84,-75,-73,-93,-75,-81,47
-75,-87,-98,-95,-68,-72,-83,-59,-99,-99,-71,-77,-61,-43,-68,-73,-98,-82,-90,-83,-81,-71,-76,-71,-80,-97,-88,-98,-98,-98,-94,-74,-100,-84,-76,-70,-95,-82,-77,47
-80,-97,-95,-83,-76,-72,-76,-66,-97,0,-74,-84,-71,-64,-73,-77,-99,-83,-89,-78,-76,-73,-68,-71,-84,-98,-91,-100,-100,-101,-100,-76,-97,-77,-66,-77,-90,-64,-79,47
-83,-90,-89,-80,-70,-78,-74,-60,-92,-88,-70,-72,-71,-71,-63,-84,-89,-69,-76,-80,-83,-78,-65,-69,-79,-88,-89,-88,-91,-90,-92,-84,-89,-81,-60,-85,-88,-64,-71,48
-70,-86,-91,-90,-75,-69,-85,-52,-94,-91,-75,-84,-61,-64,-74,-71,-94,-76,-79,-73,-81,-75,-77,-79,-77,-92,-82,-90,-97,-91,-92,-76,-88,-82,-78,-82,-93,-67,-78,48
-69,-88,-90,-88,-83,-65,-74,-68,-93,-91,-77,-84,-65,-64,-75,-73,-90,-72,-75,-74,-79,-76,-71,-76,-78,-91,-82,-92,-92,-91,-89,-77,-90,-84,-72,-80,-98,-68,-84,48
-87,-85,-93,-90,-68,-71,-86,-55,-93,-91,-66,-81,-58,-64,-71,-76,-93,-76,-82,-79,-79,-83,-81,-70,-81,-92,-82,-92,-93,-91,-93,-75,-96,-79,-69,-86,-88,-78,-85,48
-65,-87,-91,-88,-80,-70,-77,-67,-95,-94,-67,-85,-70,-73,-77,-81,-96,-78,-72,-80,-79,-75,-76,-73,-79,-97,-86,-93,-93,-94,-93,-70,-95,-82,-59,-79,-96,-69,-85,48
-68,-91,-91,-87,-71,-68,-73,-51,-91,-91,-76,-74,-66,-67,-65,-71,-90,-67,-76,-73,-80,-74,-71,-74,-78,-90,-92,-90,-88,-90,-91,-74,-90,-81,-59,-84,-90,-71,-73,48
-66,-83,-89,-87,-70,-68,-76,-52,-91,-90,-67,-83,-61,-58,-78,-72,-90,-67,-89,-75,-78,-76,-66,-72,-80,-98,-83,-90,-91,-90,-91,-78,-91,-85,-62,-81,-86,-66,-72,48
-82,-90,-89,-86,-73,-69,-75,-60,-91,-87,-68,-80,-62,-61,-77,-75,-89,-76,-77,-75,-78,-83,-80,-76,-76,-98,-87,-90,-91,-90,-91,-78,-91,-80,-60,-78,-85,-74,-74,48
-90,-91,-91,-90,-70,-68,-70,-65,-94,-91,-68,-74,-65,-67,-65,-70,-94,-68,-76,-78,-77,-76,-77,-75,-76,-92,-84,-90,-97,-91,-92,-70,-88,-82,-75,-83,-91,-68,-75,48
-82,-90,-89,-86,-73,-69,-75,-60,-91,-87,-68,-80,-62,-61,-77,-75,-89,-76,-77,-75,-78,-83,-80,-76,-76,-98,-87,-90,-91,-90,-91,-78,-91,-80,-60,-78,-85,-74,-74,48
-88,-92,0,-99,-67,-79,-89,-82,0,0,-57,-77,-76,-77,-82,-73,0,-78,-79,-79,-74,-86,-71,-77,-82,0,-89,0,0,0,0,-76,0,-84,-64,-77,-97,-75,-62,49
-88,-89,-101,-93,-72,-79,-86,-80,-100,-101,-54,-78,-80,-79,-83,-71,-100,-75,-82,-85,-71,-85,-84,-76,-86,-100,-77,-99,-98,-100,-97,-74,-97,-80,-54,-70,-91,-74,-53,49
-86,-85,-101,-93,-67,-78,-90,-77,-100,-101,-57,-76,-78,-79,-82,-67,-100,-79,-81,-84,-70,-91,-84,-78,-91,-100,-93,-99,-98,-100,-97,-75,-97,-82,-55,-86,-93,-65,-57,49
-89,-86,0,-93,-67,-82,-90,-72,0,0,-43,-84,-73,-83,-82,-67,0,-79,-84,-83,-75,-89,-68,-82,-81,0,-77,-99,0,-99,0,-78,0,-83,-57,-71,-91,-68,-64,49
-84,-84,0,-92,-67,-80,-82,-78,0,0,-53,-84,-73,-85,-89,-53,0,-75,-84,-86,-67,-76,-84,-80,-83,0,-82,-99,0,0,0,-82,0,-86,-66,-81,-94,-66,-53,49
-86,-87,0,-92,-69,-80,-90,-85,0,0,-54,-75,-74,-80,-85,-67,0,-82,-84,-84,-68,-86,-87,-76,-91,0,-87,0,0,0,0,-78,0,-81,-61,-83,-89,-66,-62,49
-85,-83,-101,-94,-72,-71,-82,-77,-100,-101,-57,-74,-76,-73,-83,-56,-100,-81,-92,-83,-58,-79,-82,-80,-88,-100,-79,-99,-98,-100,-97,-77,-97,-81,-68,-81,-96,-77,-63,49
-86,-87,0,-92,-69,-80,-90,-85,0,0,-54,-75,-74,-80,-85,-67,0,-82,-84,-84,-68,-86,-87,-76,-91,0,-87,0,0,0,0,-78,0,-81,-61,-83,-89,-66,-62,49
-86,-88,0,-93,-83,-72,-88,-84,-100,0,-44,-86,-79,-80,-91,-68,0,-83,-77,-86,-56,-85,-87,-87,-79,-100,-82,-99,-98,-100,-97,-76,-97,-81,-69,-83,-97,-75,-57,49
-83,-92,-101,-91,-70,-76,-88,-79,-100,-101,-56,-80,-78,-76,-84,-57,-100,-76,-91,-85,-82,-73,-71,-85,-88,-100,-80,-99,-98,-100,-97,-72,-97,-82,-84,-90,-98,-71,-53,49
-84,-83,-97,-84,-74,-72,-79,-78,-98,-97,-43,-84,-77,-69,-83,-58,-93,-82,-85,-87,-65,-78,-89,-81,-81,-97,-83,-98,-99,-96,-101,-84,-98,-92,-57,-75,-91,-70,-57,50
-88,-86,0,-90,-62,-79,-90,-80,-100,-101,-45,-86,-80,-85,-84,-62,-102,-77,-83,-77,-72,-88,-69,-73,-78,-100,-80,-99,-100,-96,-100,-73,-99,-78,-59,-64,-86,-70,-50,50
-87,-87,0,-89,-70,-76,-77,-84,-100,-101,-54,-76,-70,-85,-85,-61,-99,-77,-85,-85,-82,-87,-71,-74,-84,-99,-82,-99,-97,-96,-98,-78,-97,-81,-68,-67,-89,-79,-55,50
-89,-87,0,-90,-76,-70,-78,-84,-100,-101,-54,-78,-78,-84,-91,-59,-102,-79,-88,-79,-68,-79,-78,-76,-86,-100,-82,-99,-100,-96,-100,-75,-99,-81,-65,-86,-87,-70,-61,50
-88,-82,0,-93,-70,-70,-84,-84,-100,-101,-45,-81,-69,-68,-85,-61,-102,-73,-80,-88,-67,-82,-91,-83,-89,-98,-87,-99,-97,-96,-96,-79,-97,-84,-49,-66,-92,-72,-55,50
-84,-89,-99,-92,-77,-71,-79,-78,-100,-99,-54,-84,-76,-66,-90,-67,-100,-80,-84,-85,-73,-80,-73,-75,-86,-101,-87,-99,-98,-98,-101,-76,-100,-83,-64,-74,-86,-71,-53,50
-82,-76,-98,-83,-71,-76,-82,-79,0,0,-54,-83,-75,-84,-81,-57,0,-70,-79,-84,-76,-88,-95,-84,-84,0,-81,-97,-101,-98,0,-76,-99,-81,-63,-74,-87,-78,-55,50
-84,-87,-99,-96,-70,-82,-78,-82,-97,-99,-42,-81,-68,-68,-85,-64,-100,-82,-85,-89,-75,-78,-85,-81,-77,-103,-82,-98,-99,-100,-101,-76,-99,-90,-67,-74,-92,-78,-53,50
-89,-89,-99,-89,-69,-71,-78,-78,-100,-101,-55,-83,-72,-66,-83,-71,-102,-75,-89,-90,-77,-77,-71,-76,-86,-100,-82,-98,-98,-96,-100,-74,-99,-81,-62,-74,-86,-69,-55,50
-84,-83,-97,-84,-74,-72,-79,-78,-98,-97,-43,-84,-77,-69,-83,-58,-93,-82,-85,-87,-65,-78,-89,-81,-81,-97,-83,-98,-99,-96,-101,-84,-98,-92,-57,-75,-91,-70,-57,50
